--● 시퀀스 생성

--■ 관리자 시퀀스(ADMINSEQ)
CREATE SEQUENCE ADMINSEQ
NOCACHE;
--==>> Sequence ADMINSEQ이(가) 생성되었습니다.

--■ 지역-시 시퀀스(REGION_LSEQ)
CREATE SEQUENCE REGION_LSEQ
NOCACHE;
--==>> Sequence REGION_LSEQ이(가) 생성되었습니다.


--■ 지역-군·구 시퀀스(REGION_SSEQ)
CREATE SEQUENCE REGION_SSEQ
NOCACHE;
--==>> Sequence REGION_SSEQ이(가) 생성되었습니다.
DROP SEQUENCE REGION_SSEQ

--■ 카테고리 대분류(CATEGORY_LSEQ)
CREATE SEQUENCE CATEGORY_LSEQ
NOCACHE;
--==>> Sequence CATEGORY_LSEQ이(가) 생성되었습니다.


--■ 카테고리 대분류(CATEGORY_SSEQ)
CREATE SEQUENCE CATEGORY_SSEQ
NOCACHE;
--==>> Sequence CATEGORY_SSEQ이(가) 생성되었습니다.


--■ 회원(MEMBER) 시퀀스
CREATE SEQUENCE MEMBERSEQ
NOCACHE;
--==>> Sequence MEMBERSEQ이(가) 생성되었습니다.


--■ 회원정보(MEMBERINFO) 시퀀스
CREATE SEQUENCE MEMBERINFOSEQ
NOCACHE;
--==>> Sequence MEMBERINFOSEQ이(가) 생성되었습니다.
DROP SEQUENCE MEMBERSEQ;

--■ 탈퇴회원(BACKUP_MEMBER) 시퀀스
CREATE SEQUENCE BACKUP_MEMBERSEQ
NOCACHE;
--==>> Sequence BACKUP_MEMBERSEQ이(가) 생성되었습니다.

--■ 동아리(CLUB) 시퀀스
CREATE SEQUENCE CLUBSEQ
NOCACHE;
--==>> Sequence CLUBSEQ이(가) 생성되었습니다.


--■ 추가 지역 선택(ADD_REGION) 시퀀스
CREATE SEQUENCE ADD_REGIONSEQ
NOCACHE;
--==>> Sequence ADD_REGIONSEQ이(가) 생성되었습니다.


--■ 추가 카테고리 선택(ADD_CATEGORY) 시퀀스
CREATE SEQUENCE ADD_CATEGORYSEQ
NOCACHE;

--■ 모집(RECRUIT_BOARD) 시퀀스 생성
CREATE SEQUENCE RECRUIT_BOARDSEQ
NOCACHE;
--Sequence RECRUIT_BOARDSEQ이(가) 생성되었습니다.

--■ 모집 신청자(VOLUNTEER) 시퀀스 생성
CREATE SEQUENCE VOLUNTEERSEQ
NOCACHE;
--Sequence VOLUNTEERSEQ이(가) 생성되었습니다.

--■ 운영진 투표발의(MOTION_VOTE) 코드 시퀀스 생성
CREATE SEQUENCE MOTION_VOTESEQ
NOCACHE;
--Sequence MOTION_VOTESEQ이(가) 생성되었습니다.

--■ 운영진 투표 발의(EXE_VOTE) 코드 시퀀스 생성 
CREATE SEQUENCE EXE_VOTESEQ
NOCACHE;
--Sequence EXE_VOTESEQ이(가) 생성되었습니다.


--■ 투표게시판(VOTE_BOARDSEQ) 시퀀스 생성 
CREATE SEQUENCE VOTE_BOARDSEQ
NOCACHE;
--Sequence VOTE_BOARDSEQ이(가) 생성되었습니다.

--■ 투표자(VOTER) 시퀀스 생성 
CREATE SEQUENCE VOTERSEQ
NOCACHE;

--■ 계좌등록 시퀀스 생성
CREATE SEQUENCE ACCOUNTSEQ
NOCACHE;
--Sequence ACCOUNTSEQ이(가) 생성되었습니다.

--■ 카드등록 시퀀스 생성
CREATE SEQUENCE CARDSEQ
NOCACHE;
--Sequence CARDSEQ이(가) 생성되었습니다.

--■ 카드지출(EXPENSE_CARD) 시퀀스 생성
CREATE SEQUENCE EXPENSE_CARDSEQ
NOCACHE;
--Sequence EXPENSE_CARDSEQ이(가) 생성되었습니다.

--■ 계좌이체 지출(EXPENSE_ACCOUNT) 시퀀스 생성 
CREATE SEQUENCE EXPENSE_ACCOUNTSEQ
NOCACHE;
--Sequence EXPENSE_ACCOUNTSEQ이(가) 생성되었습니다.

--■ 회계부 수입(INCOME) 시퀀스 생성
CREATE SEQUENCE INCOMESEQ
NOCACHE;
--Sequence INCOMESEQ이(가) 생성되었습니다.

--■ 회계부 지출(EXPENSE) 시퀀스 생성
CREATE SEQUENCE EXPENSESEQ
NOCACHE;

--■ 회비 납부(FEE) 시퀀스 생성
CREATE SEQUENCE FEESEQ
NOCACHE;
--Sequence FEESEQ이(가) 생성되었습니다.

--■ 자유게시판(FREE_B) 시퀀스
CREATE SEQUENCE FREE_BSEQ
NOCACHE;

--■ 카테고리 게시판(CATEGORY_B) 시퀀스
CREATE SEQUENCE CATEGORY_BSEQ
NOCACHE;

--■ 카테고리별 게시판 관리자 삭제(CATEGORY_B_REP) 시퀀스
CREATE SEQUENCE CATEGORY_B_REPSEQ
NOCACHE;

--■ 모임(BEE) 시퀀스
CREATE SEQUENCE BEESEQ
NOCACHE;

--■ 모임 신청
CREATE SEQUENCE BEE_REQSEQ
NOCACHE;

--■ 자유게시판 컨텐츠신고접수 시퀀스
CREATE SEQUENCE FREE_B_REPSEQ
NOCACHE;

--■ 정모평가 시퀀스 생성
CREATE SEQUENCE BEE_EBALSEQ
NOCACHE;

--■ 모임사진 시퀀스 생성
CREATE SEQUENCE BEE_PHOTOSEQ
NOCACHE;

--------------------------------------------------------------------------------
--● 샘플 데이터


-- ○ 관리자 ADMIN
INSERT INTO ADMIN(ADMIN_ID, PWD, NAME, EMAIL) VALUES('MASTER', 'MASTER', 'MASTER', 'master@test.com');

INSERT INTO ADMIN(ADMIN_ID, PWD, NAME, EMAIL) VALUES('ADMIN'||ADMINSEQ.NEXTVAL, 'MASTER', 'ADMIN', 'master@test.com');
--==>> 1 행 이(가) 삽입되었습니다.


--○ 지역- 시 REGION_L
INSERT INTO REGION_L(REGION_L_ID, CITY) VALUES('0', '전체');  -- 0 모든 지역 전체
INSERT INTO REGION_L(REGION_L_ID, CITY) VALUES(REGION_LSEQ.NEXTVAL, '서울'); 
INSERT INTO REGION_L(REGION_L_ID, CITY) VALUES(REGION_LSEQ.NEXTVAL, '경기');
INSERT INTO REGION_L(REGION_L_ID, CITY) VALUES(REGION_LSEQ.NEXTVAL, '인천');
INSERT INTO REGION_L(REGION_L_ID, CITY) VALUES(REGION_LSEQ.NEXTVAL, '부산');
INSERT INTO REGION_L(REGION_L_ID, CITY) VALUES(REGION_LSEQ.NEXTVAL, '강원');
INSERT INTO REGION_L(REGION_L_ID, CITY) VALUES(REGION_LSEQ.NEXTVAL, '제주');
INSERT INTO REGION_L(REGION_L_ID, CITY) VALUES(REGION_LSEQ.NEXTVAL, '충북');
INSERT INTO REGION_L(REGION_L_ID, CITY) VALUES(REGION_LSEQ.NEXTVAL, '충남');
INSERT INTO REGION_L(REGION_L_ID, CITY) VALUES(REGION_LSEQ.NEXTVAL, '경북');
INSERT INTO REGION_L(REGION_L_ID, CITY) VALUES(REGION_LSEQ.NEXTVAL, '경남');
INSERT INTO REGION_L(REGION_L_ID, CITY) VALUES(REGION_LSEQ.NEXTVAL, '전북');
INSERT INTO REGION_L(REGION_L_ID, CITY) VALUES(REGION_LSEQ.NEXTVAL, '전남');


--○ 지역 - 군/구 REGION_S
INSERT INTO REGION_S(REGION_S_ID, REGION_L_ID, LOCAL) VALUES('0', '0', '전체'); -- 전국 -> 제한없음

-- 서울
INSERT INTO REGION_S(REGION_S_ID, REGION_L_ID, LOCAL) VALUES(REGION_SSEQ.NEXTVAL, '1', '전체'); --서울 전체
INSERT INTO REGION_S(REGION_S_ID, REGION_L_ID, LOCAL) VALUES(REGION_SSEQ.NEXTVAL, '1', '강남구'); -- 서울 강남구
INSERT INTO REGION_S(REGION_S_ID, REGION_L_ID, LOCAL) VALUES(REGION_SSEQ.NEXTVAL, '1', '강동구');
INSERT INTO REGION_S(REGION_S_ID, REGION_L_ID, LOCAL) VALUES(REGION_SSEQ.NEXTVAL, '1', '강북구');
INSERT INTO REGION_S(REGION_S_ID, REGION_L_ID, LOCAL) VALUES(REGION_SSEQ.NEXTVAL, '1', '강서구');
INSERT INTO REGION_S(REGION_S_ID, REGION_L_ID, LOCAL) VALUES(REGION_SSEQ.NEXTVAL, '1', '종로구');
INSERT INTO REGION_S(REGION_S_ID, REGION_L_ID, LOCAL) VALUES(REGION_SSEQ.NEXTVAL, '1', '중구');
INSERT INTO REGION_S(REGION_S_ID, REGION_L_ID, LOCAL) VALUES(REGION_SSEQ.NEXTVAL, '1', '용산구');
INSERT INTO REGION_S(REGION_S_ID, REGION_L_ID, LOCAL) VALUES(REGION_SSEQ.NEXTVAL, '1', '성동구');
INSERT INTO REGION_S(REGION_S_ID, REGION_L_ID, LOCAL) VALUES(REGION_SSEQ.NEXTVAL, '1', '광진구');
INSERT INTO REGION_S(REGION_S_ID, REGION_L_ID, LOCAL) VALUES(REGION_SSEQ.NEXTVAL, '1', '동대문구');
INSERT INTO REGION_S(REGION_S_ID, REGION_L_ID, LOCAL) VALUES(REGION_SSEQ.NEXTVAL, '1', '중랑구');
INSERT INTO REGION_S(REGION_S_ID, REGION_L_ID, LOCAL) VALUES(REGION_SSEQ.NEXTVAL, '1', '성북구');
INSERT INTO REGION_S(REGION_S_ID, REGION_L_ID, LOCAL) VALUES(REGION_SSEQ.NEXTVAL, '1', '도봉구');
INSERT INTO REGION_S(REGION_S_ID, REGION_L_ID, LOCAL) VALUES(REGION_SSEQ.NEXTVAL, '1', '노원구');
INSERT INTO REGION_S(REGION_S_ID, REGION_L_ID, LOCAL) VALUES(REGION_SSEQ.NEXTVAL, '1', '은평구');
INSERT INTO REGION_S(REGION_S_ID, REGION_L_ID, LOCAL) VALUES(REGION_SSEQ.NEXTVAL, '1', '서대문구');
INSERT INTO REGION_S(REGION_S_ID, REGION_L_ID, LOCAL) VALUES(REGION_SSEQ.NEXTVAL, '1', '마포구');
INSERT INTO REGION_S(REGION_S_ID, REGION_L_ID, LOCAL) VALUES(REGION_SSEQ.NEXTVAL, '1', '양천구');
INSERT INTO REGION_S(REGION_S_ID, REGION_L_ID, LOCAL) VALUES(REGION_SSEQ.NEXTVAL, '1', '구로구');
INSERT INTO REGION_S(REGION_S_ID, REGION_L_ID, LOCAL) VALUES(REGION_SSEQ.NEXTVAL, '1', '금천구');
INSERT INTO REGION_S(REGION_S_ID, REGION_L_ID, LOCAL) VALUES(REGION_SSEQ.NEXTVAL, '1', '영등포구');
INSERT INTO REGION_S(REGION_S_ID, REGION_L_ID, LOCAL) VALUES(REGION_SSEQ.NEXTVAL, '1', '동작구');
INSERT INTO REGION_S(REGION_S_ID, REGION_L_ID, LOCAL) VALUES(REGION_SSEQ.NEXTVAL, '1', '관악구');
INSERT INTO REGION_S(REGION_S_ID, REGION_L_ID, LOCAL) VALUES(REGION_SSEQ.NEXTVAL, '1', '서초구');
INSERT INTO REGION_S(REGION_S_ID, REGION_L_ID, LOCAL) VALUES(REGION_SSEQ.NEXTVAL, '1', '성북구');
INSERT INTO REGION_S(REGION_S_ID, REGION_L_ID, LOCAL) VALUES(REGION_SSEQ.NEXTVAL, '1', '송파구');

-- 경기
INSERT INTO REGION_S(REGION_S_ID, REGION_L_ID, LOCAL) VALUES(REGION_SSEQ.NEXTVAL, '2', '전체');
INSERT INTO REGION_S(REGION_S_ID, REGION_L_ID, LOCAL) VALUES(REGION_SSEQ.NEXTVAL, '2', '수원');
INSERT INTO REGION_S(REGION_S_ID, REGION_L_ID, LOCAL) VALUES(REGION_SSEQ.NEXTVAL, '2', '성남');
INSERT INTO REGION_S(REGION_S_ID, REGION_L_ID, LOCAL) VALUES(REGION_SSEQ.NEXTVAL, '2', '의정부');
INSERT INTO REGION_S(REGION_S_ID, REGION_L_ID, LOCAL) VALUES(REGION_SSEQ.NEXTVAL, '2', '안양');
INSERT INTO REGION_S(REGION_S_ID, REGION_L_ID, LOCAL) VALUES(REGION_SSEQ.NEXTVAL, '2', '부천');
INSERT INTO REGION_S(REGION_S_ID, REGION_L_ID, LOCAL) VALUES(REGION_SSEQ.NEXTVAL, '2', '광명');
INSERT INTO REGION_S(REGION_S_ID, REGION_L_ID, LOCAL) VALUES(REGION_SSEQ.NEXTVAL, '2', '평택');
INSERT INTO REGION_S(REGION_S_ID, REGION_L_ID, LOCAL) VALUES(REGION_SSEQ.NEXTVAL, '2', '동두천');
INSERT INTO REGION_S(REGION_S_ID, REGION_L_ID, LOCAL) VALUES(REGION_SSEQ.NEXTVAL, '2', '안산');
INSERT INTO REGION_S(REGION_S_ID, REGION_L_ID, LOCAL) VALUES(REGION_SSEQ.NEXTVAL, '2', '고양');
INSERT INTO REGION_S(REGION_S_ID, REGION_L_ID, LOCAL) VALUES(REGION_SSEQ.NEXTVAL, '2', '과천');
INSERT INTO REGION_S(REGION_S_ID, REGION_L_ID, LOCAL) VALUES(REGION_SSEQ.NEXTVAL, '2', '구리');
INSERT INTO REGION_S(REGION_S_ID, REGION_L_ID, LOCAL) VALUES(REGION_SSEQ.NEXTVAL, '2', '남양주');
INSERT INTO REGION_S(REGION_S_ID, REGION_L_ID, LOCAL) VALUES(REGION_SSEQ.NEXTVAL, '2', '오산');
INSERT INTO REGION_S(REGION_S_ID, REGION_L_ID, LOCAL) VALUES(REGION_SSEQ.NEXTVAL, '2', '시흥');
INSERT INTO REGION_S(REGION_S_ID, REGION_L_ID, LOCAL) VALUES(REGION_SSEQ.NEXTVAL, '2', '군포');
INSERT INTO REGION_S(REGION_S_ID, REGION_L_ID, LOCAL) VALUES(REGION_SSEQ.NEXTVAL, '2', '의왕');
INSERT INTO REGION_S(REGION_S_ID, REGION_L_ID, LOCAL) VALUES(REGION_SSEQ.NEXTVAL, '2', '하남');
INSERT INTO REGION_S(REGION_S_ID, REGION_L_ID, LOCAL) VALUES(REGION_SSEQ.NEXTVAL, '2', '용인');
INSERT INTO REGION_S(REGION_S_ID, REGION_L_ID, LOCAL) VALUES(REGION_SSEQ.NEXTVAL, '2', '파주');
INSERT INTO REGION_S(REGION_S_ID, REGION_L_ID, LOCAL) VALUES(REGION_SSEQ.NEXTVAL, '2', '이천');
INSERT INTO REGION_S(REGION_S_ID, REGION_L_ID, LOCAL) VALUES(REGION_SSEQ.NEXTVAL, '2', '안성');
INSERT INTO REGION_S(REGION_S_ID, REGION_L_ID, LOCAL) VALUES(REGION_SSEQ.NEXTVAL, '2', '김포');
INSERT INTO REGION_S(REGION_S_ID, REGION_L_ID, LOCAL) VALUES(REGION_SSEQ.NEXTVAL, '2', '화성');
INSERT INTO REGION_S(REGION_S_ID, REGION_L_ID, LOCAL) VALUES(REGION_SSEQ.NEXTVAL, '2', '광주');
INSERT INTO REGION_S(REGION_S_ID, REGION_L_ID, LOCAL) VALUES(REGION_SSEQ.NEXTVAL, '2', '양주');
INSERT INTO REGION_S(REGION_S_ID, REGION_L_ID, LOCAL) VALUES(REGION_SSEQ.NEXTVAL, '2', '포천');
INSERT INTO REGION_S(REGION_S_ID, REGION_L_ID, LOCAL) VALUES(REGION_SSEQ.NEXTVAL, '2', '여주');
INSERT INTO REGION_S(REGION_S_ID, REGION_L_ID, LOCAL) VALUES(REGION_SSEQ.NEXTVAL, '2', '연천');
INSERT INTO REGION_S(REGION_S_ID, REGION_L_ID, LOCAL) VALUES(REGION_SSEQ.NEXTVAL, '2', '가평');
INSERT INTO REGION_S(REGION_S_ID, REGION_L_ID, LOCAL) VALUES(REGION_SSEQ.NEXTVAL, '2', '양평');

-- 인천
INSERT INTO REGION_S(REGION_S_ID, REGION_L_ID, LOCAL) VALUES(REGION_SSEQ.NEXTVAL, '3', '전체');
INSERT INTO REGION_S(REGION_S_ID, REGION_L_ID, LOCAL) VALUES(REGION_SSEQ.NEXTVAL, '3', '중구');
INSERT INTO REGION_S(REGION_S_ID, REGION_L_ID, LOCAL) VALUES(REGION_SSEQ.NEXTVAL, '3', '동구');
INSERT INTO REGION_S(REGION_S_ID, REGION_L_ID, LOCAL) VALUES(REGION_SSEQ.NEXTVAL, '3', '미추홀');
INSERT INTO REGION_S(REGION_S_ID, REGION_L_ID, LOCAL) VALUES(REGION_SSEQ.NEXTVAL, '3', '연수');
INSERT INTO REGION_S(REGION_S_ID, REGION_L_ID, LOCAL) VALUES(REGION_SSEQ.NEXTVAL, '3', '남동');
INSERT INTO REGION_S(REGION_S_ID, REGION_L_ID, LOCAL) VALUES(REGION_SSEQ.NEXTVAL, '3', '부평');
INSERT INTO REGION_S(REGION_S_ID, REGION_L_ID, LOCAL) VALUES(REGION_SSEQ.NEXTVAL, '3', '계양');
INSERT INTO REGION_S(REGION_S_ID, REGION_L_ID, LOCAL) VALUES(REGION_SSEQ.NEXTVAL, '3', '서구');
INSERT INTO REGION_S(REGION_S_ID, REGION_L_ID, LOCAL) VALUES(REGION_SSEQ.NEXTVAL, '3', '강화');
INSERT INTO REGION_S(REGION_S_ID, REGION_L_ID, LOCAL) VALUES(REGION_SSEQ.NEXTVAL, '3', '옹진');

-- 부산(시/군)
INSERT INTO REGION_S(REGION_S_ID,REGION_L_ID, LOCAL) VALUES(REGION_SSEQ.NEXTVAL, '4', '전체');
INSERT INTO REGION_S(REGION_S_ID,REGION_L_ID, LOCAL) VALUES (REGION_SSEQ.NEXTVAL,'4', '중구'); 
INSERT INTO REGION_S(REGION_S_ID,REGION_L_ID, LOCAL) VALUES (REGION_SSEQ.NEXTVAL,'4', '서구');
INSERT INTO REGION_S(REGION_S_ID,REGION_L_ID, LOCAL) VALUES (REGION_SSEQ.NEXTVAL,'4', '동구');
INSERT INTO REGION_S(REGION_S_ID,REGION_L_ID, LOCAL) VALUES (REGION_SSEQ.NEXTVAL,'4', '영도구');
INSERT INTO REGION_S(REGION_S_ID,REGION_L_ID, LOCAL) VALUES (REGION_SSEQ.NEXTVAL,'4', '부산진구');
INSERT INTO REGION_S(REGION_S_ID,REGION_L_ID, LOCAL) VALUES (REGION_SSEQ.NEXTVAL,'4', '동래구');
INSERT INTO REGION_S(REGION_S_ID,REGION_L_ID, LOCAL) VALUES (REGION_SSEQ.NEXTVAL,'4', '남구');
INSERT INTO REGION_S(REGION_S_ID,REGION_L_ID, LOCAL) VALUES (REGION_SSEQ.NEXTVAL,'4', '북구');
INSERT INTO REGION_S(REGION_S_ID,REGION_L_ID, LOCAL) VALUES (REGION_SSEQ.NEXTVAL,'4', '해운대구');
INSERT INTO REGION_S(REGION_S_ID,REGION_L_ID, LOCAL) VALUES (REGION_SSEQ.NEXTVAL,'4', '사하구');
INSERT INTO REGION_S(REGION_S_ID,REGION_L_ID, LOCAL) VALUES (REGION_SSEQ.NEXTVAL,'4', '금정구');
INSERT INTO REGION_S(REGION_S_ID,REGION_L_ID, LOCAL) VALUES (REGION_SSEQ.NEXTVAL,'4', '강서구');
INSERT INTO REGION_S(REGION_S_ID,REGION_L_ID, LOCAL) VALUES (REGION_SSEQ.NEXTVAL,'4', '연제구');
INSERT INTO REGION_S(REGION_S_ID,REGION_L_ID, LOCAL) VALUES (REGION_SSEQ.NEXTVAL,'4', '수영구');
INSERT INTO REGION_S(REGION_S_ID,REGION_L_ID, LOCAL) VALUES (REGION_SSEQ.NEXTVAL,'4', '사상구');
INSERT INTO REGION_S(REGION_S_ID,REGION_L_ID, LOCAL) VALUES (REGION_SSEQ.NEXTVAL,'4', '기장');

-- 강원(시/군)
INSERT INTO REGION_S(REGION_S_ID, REGION_L_ID, LOCAL) VALUES(REGION_SSEQ.NEXTVAL, '5', '전체');
INSERT INTO REGION_S(REGION_S_ID,REGION_L_ID, LOCAL) VALUES(REGION_SSEQ.NEXTVAL,'5','춘천');
INSERT INTO REGION_S(REGION_S_ID,REGION_L_ID, LOCAL) VALUES(REGION_SSEQ.NEXTVAL,'5','원주');
INSERT INTO REGION_S(REGION_S_ID,REGION_L_ID, LOCAL) VALUES(REGION_SSEQ.NEXTVAL,'5','강릉');
INSERT INTO REGION_S(REGION_S_ID,REGION_L_ID, LOCAL) VALUES(REGION_SSEQ.NEXTVAL,'5','동해');
INSERT INTO REGION_S(REGION_S_ID,REGION_L_ID, LOCAL) VALUES(REGION_SSEQ.NEXTVAL,'5','태백');
INSERT INTO REGION_S(REGION_S_ID,REGION_L_ID, LOCAL) VALUES(REGION_SSEQ.NEXTVAL,'5','속초');
INSERT INTO REGION_S(REGION_S_ID,REGION_L_ID, LOCAL) VALUES(REGION_SSEQ.NEXTVAL,'5','삼척');
INSERT INTO REGION_S(REGION_S_ID,REGION_L_ID, LOCAL) VALUES(REGION_SSEQ.NEXTVAL,'5','홍천');
INSERT INTO REGION_S(REGION_S_ID,REGION_L_ID, LOCAL) VALUES(REGION_SSEQ.NEXTVAL,'5','횡성');
INSERT INTO REGION_S(REGION_S_ID,REGION_L_ID, LOCAL) VALUES(REGION_SSEQ.NEXTVAL,'5','영월');
INSERT INTO REGION_S(REGION_S_ID,REGION_L_ID, LOCAL) VALUES(REGION_SSEQ.NEXTVAL,'5','평창');
INSERT INTO REGION_S(REGION_S_ID,REGION_L_ID, LOCAL) VALUES(REGION_SSEQ.NEXTVAL,'5','정선');
INSERT INTO REGION_S(REGION_S_ID,REGION_L_ID, LOCAL) VALUES(REGION_SSEQ.NEXTVAL,'5','철원');
INSERT INTO REGION_S(REGION_S_ID,REGION_L_ID, LOCAL) VALUES(REGION_SSEQ.NEXTVAL,'5','화천');
INSERT INTO REGION_S(REGION_S_ID,REGION_L_ID, LOCAL) VALUES(REGION_SSEQ.NEXTVAL,'5','양구');
INSERT INTO REGION_S(REGION_S_ID,REGION_L_ID, LOCAL) VALUES(REGION_SSEQ.NEXTVAL,'5','인제');
INSERT INTO REGION_S(REGION_S_ID,REGION_L_ID, LOCAL) VALUES(REGION_SSEQ.NEXTVAL,'5','고성');
INSERT INTO REGION_S(REGION_S_ID,REGION_L_ID, LOCAL) VALUES(REGION_SSEQ.NEXTVAL,'5','양양');

-- 제주(시/군)
INSERT INTO REGION_S(REGION_S_ID, REGION_L_ID, LOCAL) VALUES(REGION_SSEQ.NEXTVAL, '6', '전체');
INSERT INTO REGION_S(REGION_S_ID,REGION_L_ID, LOCAL) VALUES(REGION_SSEQ.NEXTVAL,'6','제주');
INSERT INTO REGION_S(REGION_S_ID,REGION_L_ID, LOCAL) VALUES(REGION_SSEQ.NEXTVAL,'6','서귀포');

-- 충북(시/군)
INSERT INTO REGION_S(REGION_S_ID, REGION_L_ID, LOCAL) VALUES(REGION_SSEQ.NEXTVAL, '7', '전체');
INSERT INTO REGION_S(REGION_S_ID,REGION_L_ID, LOCAL) VALUES(REGION_SSEQ.NEXTVAL,'7', '청주');
INSERT INTO REGION_S(REGION_S_ID,REGION_L_ID, LOCAL) VALUES(REGION_SSEQ.NEXTVAL,'7', '충주');
INSERT INTO REGION_S(REGION_S_ID,REGION_L_ID, LOCAL) VALUES(REGION_SSEQ.NEXTVAL,'7', '제천');
INSERT INTO REGION_S(REGION_S_ID,REGION_L_ID, LOCAL) VALUES(REGION_SSEQ.NEXTVAL,'7', '보은');
INSERT INTO REGION_S(REGION_S_ID,REGION_L_ID, LOCAL) VALUES(REGION_SSEQ.NEXTVAL,'7', '옥천');
INSERT INTO REGION_S(REGION_S_ID,REGION_L_ID, LOCAL) VALUES(REGION_SSEQ.NEXTVAL,'7', '영동');
INSERT INTO REGION_S(REGION_S_ID,REGION_L_ID, LOCAL) VALUES(REGION_SSEQ.NEXTVAL,'7', '증평');
INSERT INTO REGION_S(REGION_S_ID,REGION_L_ID, LOCAL) VALUES(REGION_SSEQ.NEXTVAL,'7', '진천');
INSERT INTO REGION_S(REGION_S_ID,REGION_L_ID, LOCAL) VALUES(REGION_SSEQ.NEXTVAL,'7', '괴산');
INSERT INTO REGION_S(REGION_S_ID,REGION_L_ID, LOCAL) VALUES(REGION_SSEQ.NEXTVAL,'7', '음성');
INSERT INTO REGION_S(REGION_S_ID,REGION_L_ID, LOCAL) VALUES(REGION_SSEQ.NEXTVAL,'7', '단양');

-- 충남
INSERT INTO REGION_S(REGION_S_ID, REGION_L_ID, LOCAL) VALUES(REGION_SSEQ.NEXTVAL, '8', '전체');
INSERT INTO REGION_S(REGION_S_ID, REGION_L_ID, LOCAL) VALUES(REGION_SSEQ.NEXTVAL, '8', '천안');
INSERT INTO REGION_S(REGION_S_ID, REGION_L_ID, LOCAL) VALUES(REGION_SSEQ.NEXTVAL, '8', '공주');
INSERT INTO REGION_S(REGION_S_ID, REGION_L_ID, LOCAL) VALUES(REGION_SSEQ.NEXTVAL, '8', '보령');
INSERT INTO REGION_S(REGION_S_ID, REGION_L_ID, LOCAL) VALUES(REGION_SSEQ.NEXTVAL, '8', '아산');
INSERT INTO REGION_S(REGION_S_ID, REGION_L_ID, LOCAL) VALUES(REGION_SSEQ.NEXTVAL, '8', '서산');
INSERT INTO REGION_S(REGION_S_ID, REGION_L_ID, LOCAL) VALUES(REGION_SSEQ.NEXTVAL, '8', '논산');
INSERT INTO REGION_S(REGION_S_ID, REGION_L_ID, LOCAL) VALUES(REGION_SSEQ.NEXTVAL, '8', '계룡');
INSERT INTO REGION_S(REGION_S_ID, REGION_L_ID, LOCAL) VALUES(REGION_SSEQ.NEXTVAL, '8', '당진');
INSERT INTO REGION_S(REGION_S_ID, REGION_L_ID, LOCAL) VALUES(REGION_SSEQ.NEXTVAL, '8', '금산');
INSERT INTO REGION_S(REGION_S_ID, REGION_L_ID, LOCAL) VALUES(REGION_SSEQ.NEXTVAL, '8', '부여');
INSERT INTO REGION_S(REGION_S_ID, REGION_L_ID, LOCAL) VALUES(REGION_SSEQ.NEXTVAL, '8', '서천');
INSERT INTO REGION_S(REGION_S_ID, REGION_L_ID, LOCAL) VALUES(REGION_SSEQ.NEXTVAL, '8', '청양');
INSERT INTO REGION_S(REGION_S_ID, REGION_L_ID, LOCAL) VALUES(REGION_SSEQ.NEXTVAL, '8', '홍성');
INSERT INTO REGION_S(REGION_S_ID, REGION_L_ID, LOCAL) VALUES(REGION_SSEQ.NEXTVAL, '8', '예산');
INSERT INTO REGION_S(REGION_S_ID, REGION_L_ID, LOCAL) VALUES(REGION_SSEQ.NEXTVAL, '8', '태안');

-- 경북
INSERT INTO REGION_S(REGION_S_ID, REGION_L_ID, LOCAL) VALUES(REGION_SSEQ.NEXTVAL, '9', '전체');
INSERT INTO REGION_S(REGION_S_ID, REGION_L_ID, LOCAL) VALUES(REGION_SSEQ.NEXTVAL, '9', '포항');
INSERT INTO REGION_S(REGION_S_ID, REGION_L_ID, LOCAL) VALUES(REGION_SSEQ.NEXTVAL, '9', '경주');
INSERT INTO REGION_S(REGION_S_ID, REGION_L_ID, LOCAL) VALUES(REGION_SSEQ.NEXTVAL, '9', '김천');
INSERT INTO REGION_S(REGION_S_ID, REGION_L_ID, LOCAL) VALUES(REGION_SSEQ.NEXTVAL, '9', '안동');
INSERT INTO REGION_S(REGION_S_ID, REGION_L_ID, LOCAL) VALUES(REGION_SSEQ.NEXTVAL, '9', '구미');
INSERT INTO REGION_S(REGION_S_ID, REGION_L_ID, LOCAL) VALUES(REGION_SSEQ.NEXTVAL, '9', '영주');
INSERT INTO REGION_S(REGION_S_ID, REGION_L_ID, LOCAL) VALUES(REGION_SSEQ.NEXTVAL, '9', '영천');
INSERT INTO REGION_S(REGION_S_ID, REGION_L_ID, LOCAL) VALUES(REGION_SSEQ.NEXTVAL, '9', '상주');
INSERT INTO REGION_S(REGION_S_ID, REGION_L_ID, LOCAL) VALUES(REGION_SSEQ.NEXTVAL, '9', '문경');
INSERT INTO REGION_S(REGION_S_ID, REGION_L_ID, LOCAL) VALUES(REGION_SSEQ.NEXTVAL, '9', '경산');
INSERT INTO REGION_S(REGION_S_ID, REGION_L_ID, LOCAL) VALUES(REGION_SSEQ.NEXTVAL, '9', '군위');
INSERT INTO REGION_S(REGION_S_ID, REGION_L_ID, LOCAL) VALUES(REGION_SSEQ.NEXTVAL, '9', '의성');
INSERT INTO REGION_S(REGION_S_ID, REGION_L_ID, LOCAL) VALUES(REGION_SSEQ.NEXTVAL, '9', '청송');
INSERT INTO REGION_S(REGION_S_ID, REGION_L_ID, LOCAL) VALUES(REGION_SSEQ.NEXTVAL, '9', '영양');
INSERT INTO REGION_S(REGION_S_ID, REGION_L_ID, LOCAL) VALUES(REGION_SSEQ.NEXTVAL, '9', '영덕');
INSERT INTO REGION_S(REGION_S_ID, REGION_L_ID, LOCAL) VALUES(REGION_SSEQ.NEXTVAL, '9', '청도');
INSERT INTO REGION_S(REGION_S_ID, REGION_L_ID, LOCAL) VALUES(REGION_SSEQ.NEXTVAL, '9', '고령');
INSERT INTO REGION_S(REGION_S_ID, REGION_L_ID, LOCAL) VALUES(REGION_SSEQ.NEXTVAL, '9', '성주');
INSERT INTO REGION_S(REGION_S_ID, REGION_L_ID, LOCAL) VALUES(REGION_SSEQ.NEXTVAL, '9', '칠곡');
INSERT INTO REGION_S(REGION_S_ID, REGION_L_ID, LOCAL) VALUES(REGION_SSEQ.NEXTVAL, '9', '예천');
INSERT INTO REGION_S(REGION_S_ID, REGION_L_ID, LOCAL) VALUES(REGION_SSEQ.NEXTVAL, '9', '봉화');
INSERT INTO REGION_S(REGION_S_ID, REGION_L_ID, LOCAL) VALUES(REGION_SSEQ.NEXTVAL, '9', '울진');
INSERT INTO REGION_S(REGION_S_ID, REGION_L_ID, LOCAL) VALUES(REGION_SSEQ.NEXTVAL, '9', '울릉');

-- 경남
INSERT INTO REGION_S(REGION_S_ID, REGION_L_ID, LOCAL) VALUES(REGION_SSEQ.NEXTVAL, '10', '전체');
INSERT INTO REGION_S(REGION_S_ID, REGION_L_ID, LOCAL) VALUES(REGION_SSEQ.NEXTVAL, '10', '창원');
INSERT INTO REGION_S(REGION_S_ID, REGION_L_ID, LOCAL) VALUES(REGION_SSEQ.NEXTVAL, '10', '진주');
INSERT INTO REGION_S(REGION_S_ID, REGION_L_ID, LOCAL) VALUES(REGION_SSEQ.NEXTVAL, '10', '통영');
INSERT INTO REGION_S(REGION_S_ID, REGION_L_ID, LOCAL) VALUES(REGION_SSEQ.NEXTVAL, '10', '사천');
INSERT INTO REGION_S(REGION_S_ID, REGION_L_ID, LOCAL) VALUES(REGION_SSEQ.NEXTVAL, '10', '김해');
INSERT INTO REGION_S(REGION_S_ID, REGION_L_ID, LOCAL) VALUES(REGION_SSEQ.NEXTVAL, '10', '밀양');
INSERT INTO REGION_S(REGION_S_ID, REGION_L_ID, LOCAL) VALUES(REGION_SSEQ.NEXTVAL, '10', '거제');
INSERT INTO REGION_S(REGION_S_ID, REGION_L_ID, LOCAL) VALUES(REGION_SSEQ.NEXTVAL, '10', '양산');
INSERT INTO REGION_S(REGION_S_ID, REGION_L_ID, LOCAL) VALUES(REGION_SSEQ.NEXTVAL, '10', '의령');
INSERT INTO REGION_S(REGION_S_ID, REGION_L_ID, LOCAL) VALUES(REGION_SSEQ.NEXTVAL, '10', '함안');
INSERT INTO REGION_S(REGION_S_ID, REGION_L_ID, LOCAL) VALUES(REGION_SSEQ.NEXTVAL, '10', '창녕');
INSERT INTO REGION_S(REGION_S_ID, REGION_L_ID, LOCAL) VALUES(REGION_SSEQ.NEXTVAL, '10', '고성');
INSERT INTO REGION_S(REGION_S_ID, REGION_L_ID, LOCAL) VALUES(REGION_SSEQ.NEXTVAL, '10', '남해');
INSERT INTO REGION_S(REGION_S_ID, REGION_L_ID, LOCAL) VALUES(REGION_SSEQ.NEXTVAL, '10', '하동');
INSERT INTO REGION_S(REGION_S_ID, REGION_L_ID, LOCAL) VALUES(REGION_SSEQ.NEXTVAL, '10', '산청');
INSERT INTO REGION_S(REGION_S_ID, REGION_L_ID, LOCAL) VALUES(REGION_SSEQ.NEXTVAL, '10', '함양');
INSERT INTO REGION_S(REGION_S_ID, REGION_L_ID, LOCAL) VALUES(REGION_SSEQ.NEXTVAL, '10', '거창');
INSERT INTO REGION_S(REGION_S_ID, REGION_L_ID, LOCAL) VALUES(REGION_SSEQ.NEXTVAL, '10', '합천');


-- 전북
INSERT INTO REGION_S(REGION_S_ID, REGION_L_ID, LOCAL) VALUES(REGION_SSEQ.NEXTVAL, '11', '전체');
INSERT INTO REGION_S(REGION_S_ID, REGION_L_ID, LOCAL) VALUES(REGION_SSEQ.NEXTVAL, '11', '전주');
INSERT INTO REGION_S(REGION_S_ID, REGION_L_ID, LOCAL) VALUES(REGION_SSEQ.NEXTVAL, '11', '군산');
INSERT INTO REGION_S(REGION_S_ID, REGION_L_ID, LOCAL) VALUES(REGION_SSEQ.NEXTVAL, '11', '익산');
INSERT INTO REGION_S(REGION_S_ID, REGION_L_ID, LOCAL) VALUES(REGION_SSEQ.NEXTVAL, '11', '정읍');
INSERT INTO REGION_S(REGION_S_ID, REGION_L_ID, LOCAL) VALUES(REGION_SSEQ.NEXTVAL, '11', '남원');
INSERT INTO REGION_S(REGION_S_ID, REGION_L_ID, LOCAL) VALUES(REGION_SSEQ.NEXTVAL, '11', '김제');
INSERT INTO REGION_S(REGION_S_ID, REGION_L_ID, LOCAL) VALUES(REGION_SSEQ.NEXTVAL, '11', '완주');
INSERT INTO REGION_S(REGION_S_ID, REGION_L_ID, LOCAL) VALUES(REGION_SSEQ.NEXTVAL, '11', '진안');
INSERT INTO REGION_S(REGION_S_ID, REGION_L_ID, LOCAL) VALUES(REGION_SSEQ.NEXTVAL, '11', '무주');
INSERT INTO REGION_S(REGION_S_ID, REGION_L_ID, LOCAL) VALUES(REGION_SSEQ.NEXTVAL, '11', '장수');
INSERT INTO REGION_S(REGION_S_ID, REGION_L_ID, LOCAL) VALUES(REGION_SSEQ.NEXTVAL, '11', '임실');
INSERT INTO REGION_S(REGION_S_ID, REGION_L_ID, LOCAL) VALUES(REGION_SSEQ.NEXTVAL, '11', '순창');
INSERT INTO REGION_S(REGION_S_ID, REGION_L_ID, LOCAL) VALUES(REGION_SSEQ.NEXTVAL, '11', '고창');
INSERT INTO REGION_S(REGION_S_ID, REGION_L_ID, LOCAL) VALUES(REGION_SSEQ.NEXTVAL, '11', '부안');

-- 전남
INSERT INTO REGION_S(REGION_S_ID, REGION_L_ID, LOCAL) VALUES(REGION_SSEQ.NEXTVAL, '12', '전체');
INSERT INTO REGION_S(REGION_S_ID, REGION_L_ID, LOCAL) VALUES(REGION_SSEQ.NEXTVAL, '12', '목포');
INSERT INTO REGION_S(REGION_S_ID, REGION_L_ID, LOCAL) VALUES(REGION_SSEQ.NEXTVAL, '12', '여수');
INSERT INTO REGION_S(REGION_S_ID, REGION_L_ID, LOCAL) VALUES(REGION_SSEQ.NEXTVAL, '12', '순천');
INSERT INTO REGION_S(REGION_S_ID, REGION_L_ID, LOCAL) VALUES(REGION_SSEQ.NEXTVAL, '12', '나주');
INSERT INTO REGION_S(REGION_S_ID, REGION_L_ID, LOCAL) VALUES(REGION_SSEQ.NEXTVAL, '12', '광양');
INSERT INTO REGION_S(REGION_S_ID, REGION_L_ID, LOCAL) VALUES(REGION_SSEQ.NEXTVAL, '12', '담양');
INSERT INTO REGION_S(REGION_S_ID, REGION_L_ID, LOCAL) VALUES(REGION_SSEQ.NEXTVAL, '12', '곡성');
INSERT INTO REGION_S(REGION_S_ID, REGION_L_ID, LOCAL) VALUES(REGION_SSEQ.NEXTVAL, '12', '구례');
INSERT INTO REGION_S(REGION_S_ID, REGION_L_ID, LOCAL) VALUES(REGION_SSEQ.NEXTVAL, '12', '고흥');
INSERT INTO REGION_S(REGION_S_ID, REGION_L_ID, LOCAL) VALUES(REGION_SSEQ.NEXTVAL, '12', '보성');
INSERT INTO REGION_S(REGION_S_ID, REGION_L_ID, LOCAL) VALUES(REGION_SSEQ.NEXTVAL, '12', '화순');
INSERT INTO REGION_S(REGION_S_ID, REGION_L_ID, LOCAL) VALUES(REGION_SSEQ.NEXTVAL, '12', '장흥');
INSERT INTO REGION_S(REGION_S_ID, REGION_L_ID, LOCAL) VALUES(REGION_SSEQ.NEXTVAL, '12', '강진');
INSERT INTO REGION_S(REGION_S_ID, REGION_L_ID, LOCAL) VALUES(REGION_SSEQ.NEXTVAL, '12', '해남');
INSERT INTO REGION_S(REGION_S_ID, REGION_L_ID, LOCAL) VALUES(REGION_SSEQ.NEXTVAL, '12', '영암');
INSERT INTO REGION_S(REGION_S_ID, REGION_L_ID, LOCAL) VALUES(REGION_SSEQ.NEXTVAL, '12', '무안');
INSERT INTO REGION_S(REGION_S_ID, REGION_L_ID, LOCAL) VALUES(REGION_SSEQ.NEXTVAL, '12', '함평');
INSERT INTO REGION_S(REGION_S_ID, REGION_L_ID, LOCAL) VALUES(REGION_SSEQ.NEXTVAL, '12', '영광');
INSERT INTO REGION_S(REGION_S_ID, REGION_L_ID, LOCAL) VALUES(REGION_SSEQ.NEXTVAL, '12', '장성');
INSERT INTO REGION_S(REGION_S_ID, REGION_L_ID, LOCAL) VALUES(REGION_SSEQ.NEXTVAL, '12', '완도');
INSERT INTO REGION_S(REGION_S_ID, REGION_L_ID, LOCAL) VALUES(REGION_SSEQ.NEXTVAL, '12', '진도');
INSERT INTO REGION_S(REGION_S_ID, REGION_L_ID, LOCAL) VALUES(REGION_SSEQ.NEXTVAL, '12', '신안');


--○ 카테고리 대분류 CATEGORY_L
INSERT INTO CATEGORY_L(CATEGORY_L_ID, L_CAT) VALUES(TO_CHAR(CATEGORY_LSEQ.NEXTVAL), '여행');
INSERT INTO CATEGORY_L(CATEGORY_L_ID, L_CAT) VALUES(TO_CHAR(CATEGORY_LSEQ.NEXTVAL), '요리/베이킹');
INSERT INTO CATEGORY_L(CATEGORY_L_ID, L_CAT) VALUES(TO_CHAR(CATEGORY_LSEQ.NEXTVAL), '건강/운동');
INSERT INTO CATEGORY_L(CATEGORY_L_ID, L_CAT) VALUES(TO_CHAR(CATEGORY_LSEQ.NEXTVAL), '공연/축제');
INSERT INTO CATEGORY_L(CATEGORY_L_ID, L_CAT) VALUES(TO_CHAR(CATEGORY_LSEQ.NEXTVAL), '음악');
INSERT INTO CATEGORY_L(CATEGORY_L_ID, L_CAT) VALUES(TO_CHAR(CATEGORY_LSEQ.NEXTVAL), '라이프');
INSERT INTO CATEGORY_L(CATEGORY_L_ID, L_CAT) VALUES(TO_CHAR(CATEGORY_LSEQ.NEXTVAL), '교육/스터디');
INSERT INTO CATEGORY_L(CATEGORY_L_ID, L_CAT) VALUES(TO_CHAR(CATEGORY_LSEQ.NEXTVAL), '창작/디자인');
INSERT INTO CATEGORY_L(CATEGORY_L_ID, L_CAT) VALUES(TO_CHAR(CATEGORY_LSEQ.NEXTVAL), '사진/영상');
INSERT INTO CATEGORY_L(CATEGORY_L_ID, L_CAT) VALUES(TO_CHAR(CATEGORY_LSEQ.NEXTVAL), '게임/오락');
INSERT INTO CATEGORY_L(CATEGORY_L_ID, L_CAT) VALUES(TO_CHAR(CATEGORY_LSEQ.NEXTVAL), '자유주제');
--==>> 1 행 이(가) 삽입되었습니다.


--○ 카테고리 소분류 CATEGORY_S
INSERT INTO CATEGORY_S(CATEGORY_S_ID, CATEGORY_L_ID, S_CAT) VALUES(TO_CHAR(CATEGORY_SSEQ.NEXTVAL), '1', '국내여행');
INSERT INTO CATEGORY_S(CATEGORY_S_ID, CATEGORY_L_ID, S_CAT) VALUES(TO_CHAR(CATEGORY_SSEQ.NEXTVAL), '1', '해외여행');
INSERT INTO CATEGORY_S(CATEGORY_S_ID, CATEGORY_L_ID, S_CAT) VALUES(TO_CHAR(CATEGORY_SSEQ.NEXTVAL), '1', '캠핑/글램핑');
INSERT INTO CATEGORY_S(CATEGORY_S_ID, CATEGORY_L_ID, S_CAT) VALUES(TO_CHAR(CATEGORY_SSEQ.NEXTVAL), '1', '기타');

INSERT INTO CATEGORY_S(CATEGORY_S_ID, CATEGORY_L_ID, S_CAT) VALUES(TO_CHAR(CATEGORY_SSEQ.NEXTVAL), '2', '한식');
INSERT INTO CATEGORY_S(CATEGORY_S_ID, CATEGORY_L_ID, S_CAT) VALUES(TO_CHAR(CATEGORY_SSEQ.NEXTVAL), '2', '일식,중식');
INSERT INTO CATEGORY_S(CATEGORY_S_ID, CATEGORY_L_ID, S_CAT) VALUES(TO_CHAR(CATEGORY_SSEQ.NEXTVAL), '2', '양식');
INSERT INTO CATEGORY_S(CATEGORY_S_ID, CATEGORY_L_ID, S_CAT) VALUES(TO_CHAR(CATEGORY_SSEQ.NEXTVAL), '2', '비건');
INSERT INTO CATEGORY_S(CATEGORY_S_ID, CATEGORY_L_ID, S_CAT) VALUES(TO_CHAR(CATEGORY_SSEQ.NEXTVAL), '2', '음료');
INSERT INTO CATEGORY_S(CATEGORY_S_ID, CATEGORY_L_ID, S_CAT) VALUES(TO_CHAR(CATEGORY_SSEQ.NEXTVAL), '2', '제과/제빵');
INSERT INTO CATEGORY_S(CATEGORY_S_ID, CATEGORY_L_ID, S_CAT) VALUES(TO_CHAR(CATEGORY_SSEQ.NEXTVAL), '2', '기타');
--==>> 1 행 이(가) 삽입되었습니다.

INSERT INTO CATEGORY_S(CATEGORY_S_ID, CATEGORY_L_ID, S_CAT) VALUES(TO_CHAR(CATEGORY_SSEQ.NEXTVAL), '3', '등산');
INSERT INTO CATEGORY_S(CATEGORY_S_ID, CATEGORY_L_ID, S_CAT) VALUES(TO_CHAR(CATEGORY_SSEQ.NEXTVAL), '3', '피트니스');
INSERT INTO CATEGORY_S(CATEGORY_S_ID, CATEGORY_L_ID, S_CAT) VALUES(TO_CHAR(CATEGORY_SSEQ.NEXTVAL), '3', '러닝/사이클');
INSERT INTO CATEGORY_S(CATEGORY_S_ID, CATEGORY_L_ID, S_CAT) VALUES(TO_CHAR(CATEGORY_SSEQ.NEXTVAL), '3', '요가/필라테스');
INSERT INTO CATEGORY_S(CATEGORY_S_ID, CATEGORY_L_ID, S_CAT) VALUES(TO_CHAR(CATEGORY_SSEQ.NEXTVAL), '3', '축구');
INSERT INTO CATEGORY_S(CATEGORY_S_ID, CATEGORY_L_ID, S_CAT) VALUES(TO_CHAR(CATEGORY_SSEQ.NEXTVAL), '3', '배드민턴/테니스');
INSERT INTO CATEGORY_S(CATEGORY_S_ID, CATEGORY_L_ID, S_CAT) VALUES(TO_CHAR(CATEGORY_SSEQ.NEXTVAL), '3', '농구');
INSERT INTO CATEGORY_S(CATEGORY_S_ID, CATEGORY_L_ID, S_CAT) VALUES(TO_CHAR(CATEGORY_SSEQ.NEXTVAL), '3', '스포츠 기타');
INSERT INTO CATEGORY_S(CATEGORY_S_ID, CATEGORY_L_ID, S_CAT) VALUES(TO_CHAR(CATEGORY_SSEQ.NEXTVAL), '3', '기타');

INSERT INTO CATEGORY_S(CATEGORY_S_ID, CATEGORY_L_ID, S_CAT) VALUES(TO_CHAR(CATEGORY_SSEQ.NEXTVAL), '4', '뮤지컬');
INSERT INTO CATEGORY_S(CATEGORY_S_ID, CATEGORY_L_ID, S_CAT) VALUES(TO_CHAR(CATEGORY_SSEQ.NEXTVAL), '4', '연극');
INSERT INTO CATEGORY_S(CATEGORY_S_ID, CATEGORY_L_ID, S_CAT) VALUES(TO_CHAR(CATEGORY_SSEQ.NEXTVAL), '4', '페스티벌');
INSERT INTO CATEGORY_S(CATEGORY_S_ID, CATEGORY_L_ID, S_CAT) VALUES(TO_CHAR(CATEGORY_SSEQ.NEXTVAL), '4', '기타');

INSERT INTO CATEGORY_S(CATEGORY_S_ID, CATEGORY_L_ID, S_CAT) VALUES(TO_CHAR(CATEGORY_SSEQ.NEXTVAL), '5', '작곡/프로듀싱');
INSERT INTO CATEGORY_S(CATEGORY_S_ID, CATEGORY_L_ID, S_CAT) VALUES(TO_CHAR(CATEGORY_SSEQ.NEXTVAL), '5', '악기');
INSERT INTO CATEGORY_S(CATEGORY_S_ID, CATEGORY_L_ID, S_CAT) VALUES(TO_CHAR(CATEGORY_SSEQ.NEXTVAL), '5', '보컬/랩');
INSERT INTO CATEGORY_S(CATEGORY_S_ID, CATEGORY_L_ID, S_CAT) VALUES(TO_CHAR(CATEGORY_SSEQ.NEXTVAL), '5', '기타');

INSERT INTO CATEGORY_S(CATEGORY_S_ID, CATEGORY_L_ID, S_CAT) VALUES(TO_CHAR(CATEGORY_SSEQ.NEXTVAL), '6', '댄스/무용');
INSERT INTO CATEGORY_S(CATEGORY_S_ID, CATEGORY_L_ID, S_CAT) VALUES(TO_CHAR(CATEGORY_SSEQ.NEXTVAL), '6', '독서/글쓰기');
INSERT INTO CATEGORY_S(CATEGORY_S_ID, CATEGORY_L_ID, S_CAT) VALUES(TO_CHAR(CATEGORY_SSEQ.NEXTVAL), '6', '반려동물');
INSERT INTO CATEGORY_S(CATEGORY_S_ID, CATEGORY_L_ID, S_CAT) VALUES(TO_CHAR(CATEGORY_SSEQ.NEXTVAL), '6', '뷰티/미용');
INSERT INTO CATEGORY_S(CATEGORY_S_ID, CATEGORY_L_ID, S_CAT) VALUES(TO_CHAR(CATEGORY_SSEQ.NEXTVAL), '6', '기타');

INSERT INTO CATEGORY_S(CATEGORY_S_ID, CATEGORY_L_ID, S_CAT) VALUES(TO_CHAR(CATEGORY_SSEQ.NEXTVAL), '7', '외국어');
INSERT INTO CATEGORY_S(CATEGORY_S_ID, CATEGORY_L_ID, S_CAT) VALUES(TO_CHAR(CATEGORY_SSEQ.NEXTVAL), '7', '주식');
INSERT INTO CATEGORY_S(CATEGORY_S_ID, CATEGORY_L_ID, S_CAT) VALUES(TO_CHAR(CATEGORY_SSEQ.NEXTVAL), '7', 'IT/개발');
INSERT INTO CATEGORY_S(CATEGORY_S_ID, CATEGORY_L_ID, S_CAT) VALUES(TO_CHAR(CATEGORY_SSEQ.NEXTVAL), '7', '회계/세무');
INSERT INTO CATEGORY_S(CATEGORY_S_ID, CATEGORY_L_ID, S_CAT) VALUES(TO_CHAR(CATEGORY_SSEQ.NEXTVAL), '7', '기타');

INSERT INTO CATEGORY_S(CATEGORY_S_ID, CATEGORY_L_ID, S_CAT) VALUES(TO_CHAR(CATEGORY_SSEQ.NEXTVAL), '8', '드로잉/일러스트');
INSERT INTO CATEGORY_S(CATEGORY_S_ID, CATEGORY_L_ID, S_CAT) VALUES(TO_CHAR(CATEGORY_SSEQ.NEXTVAL), '8', '캘리그라피/서예');
INSERT INTO CATEGORY_S(CATEGORY_S_ID, CATEGORY_L_ID, S_CAT) VALUES(TO_CHAR(CATEGORY_SSEQ.NEXTVAL), '8', '공예');
INSERT INTO CATEGORY_S(CATEGORY_S_ID, CATEGORY_L_ID, S_CAT) VALUES(TO_CHAR(CATEGORY_SSEQ.NEXTVAL), '8', '그래픽');
INSERT INTO CATEGORY_S(CATEGORY_S_ID, CATEGORY_L_ID, S_CAT) VALUES(TO_CHAR(CATEGORY_SSEQ.NEXTVAL), '8', '건축');
INSERT INTO CATEGORY_S(CATEGORY_S_ID, CATEGORY_L_ID, S_CAT) VALUES(TO_CHAR(CATEGORY_SSEQ.NEXTVAL), '8', '기타');

INSERT INTO CATEGORY_S(CATEGORY_S_ID, CATEGORY_L_ID, S_CAT) VALUES(TO_CHAR(CATEGORY_SSEQ.NEXTVAL), '9', '영상/영상편집');
INSERT INTO CATEGORY_S(CATEGORY_S_ID, CATEGORY_L_ID, S_CAT) VALUES(TO_CHAR(CATEGORY_SSEQ.NEXTVAL), '9', '사진/카메라');
INSERT INTO CATEGORY_S(CATEGORY_S_ID, CATEGORY_L_ID, S_CAT) VALUES(TO_CHAR(CATEGORY_SSEQ.NEXTVAL), '9', '기타');

INSERT INTO CATEGORY_S(CATEGORY_S_ID, CATEGORY_L_ID, S_CAT) VALUES(TO_CHAR(CATEGORY_SSEQ.NEXTVAL), '10', '보드게임');
INSERT INTO CATEGORY_S(CATEGORY_S_ID, CATEGORY_L_ID, S_CAT) VALUES(TO_CHAR(CATEGORY_SSEQ.NEXTVAL), '10', '온라인게임');
INSERT INTO CATEGORY_S(CATEGORY_S_ID, CATEGORY_L_ID, S_CAT) VALUES(TO_CHAR(CATEGORY_SSEQ.NEXTVAL), '10', '기타');
--1 행 이(가) 삽입되었습니다.



--○ 삭제 사유 DEL_REASON
INSERT INTO DEL_REASON(REASON_ID,REASON) VALUES ('1','음란 또는 청소년에게 유해한 내용');
INSERT INTO DEL_REASON(REASON_ID,REASON) VALUES ('2','욕설 및 폭력성');
INSERT INTO DEL_REASON(REASON_ID,REASON) VALUES ('3','권리침해 및 개인정보 노출');
INSERT INTO DEL_REASON(REASON_ID,REASON) VALUES ('4','부적절한 홍보(개인 사업/불법홍보/스팸)');
--==>> 1 행 이(가) 삽입되었습니다.

--○ 처리 사유 HANDLE_REASON
INSERT INTO HANDLE_REASON(REASON_ID,REASON) VALUES ('1','음란 또는 청소년에게 유해한 내용');
INSERT INTO HANDLE_REASON(REASON_ID,REASON) VALUES ('2','욕설 및 폭력성');
INSERT INTO HANDLE_REASON(REASON_ID,REASON) VALUES ('3','권리침해 및 개인정보 노출');
INSERT INTO HANDLE_REASON(REASON_ID,REASON) VALUES ('4','부적절한 홍보(개인 사업/불법홍보/스팸)');
INSERT INTO HANDLE_REASON(REASON_ID,REASON) VALUES ('5','기타');
--==>> 1 행 이(가) 삽입되었습니다.

--○ 모임 종류 BEE_TYPE
INSERT INTO BEE_TYPE(TYPE_ID, TYPE) VALUES ('1', '정모');
INSERT INTO BEE_TYPE(TYPE_ID, TYPE) VALUES ('2', '반짝모임');
--==>> 1 행 이(가) 삽입되었습니다.

--○ 평가 항목 EVAL_ITEM (P: 긍정 / N: 부정) 
INSERT INTO EVAL_ITEM(EVAL_ID, CONTENT) VALUES ('P1', '시간 약속을 잘 지켜요');
INSERT INTO EVAL_ITEM(EVAL_ID, CONTENT) VALUES ('P2', '친절하고 매너가 좋아요');
INSERT INTO EVAL_ITEM(EVAL_ID, CONTENT) VALUES ('P3', '적극적으로 참여해요');
INSERT INTO EVAL_ITEM(EVAL_ID, CONTENT) VALUES ('P4', '다른 회원의 말에 귀 기울여줘요');
INSERT INTO EVAL_ITEM(EVAL_ID, CONTENT) VALUES ('P5', '회원들을 재밌게 해줘요');
INSERT INTO EVAL_ITEM(EVAL_ID, CONTENT) VALUES ('P6', '사전 준비를 잘해요');
INSERT INTO EVAL_ITEM(EVAL_ID, CONTENT) VALUES ('P7', '동아리 분위기를 잘 띄워줘요');
INSERT INTO EVAL_ITEM(EVAL_ID, CONTENT) VALUES ('N1', '동아리 활동을 지연 시켜요');
INSERT INTO EVAL_ITEM(EVAL_ID, CONTENT) VALUES ('N2', '불친절하고 매너가 좋지 못해요');
INSERT INTO EVAL_ITEM(EVAL_ID, CONTENT) VALUES ('N3', '소극적으로 참여해요');
INSERT INTO EVAL_ITEM(EVAL_ID, CONTENT) VALUES ('N4', '다른 회원을 무시해요');
INSERT INTO EVAL_ITEM(EVAL_ID, CONTENT) VALUES ('N5', '금전적인 문제를 일으켜요');
INSERT INTO EVAL_ITEM(EVAL_ID, CONTENT) VALUES ('N6', '타인에게 지나친 관심을 표현해요');
--==>> 1 행 이(가) 삽입되었습니다.


--○ 찬반 P_A_C
INSERT INTO P_A_C(PAC_ID, PAC) VALUES ('P', '찬성');
INSERT INTO P_A_C(PAC_ID, PAC) VALUES ('C', '반대');
--==>> 1 행 이(가) 삽입되었습니다.

--○ 투표종류 VOTE_TYPE 폐쇄/강등/강퇴
INSERT INTO VOTE_TYPE(VOTE_ID, TYPE) VALUES ('1', '강등');
INSERT INTO VOTE_TYPE(VOTE_ID, TYPE) VALUES ('2', '강퇴');
INSERT INTO VOTE_TYPE(VOTE_ID, TYPE) VALUES ('3', '동아리폐쇄');
--==>> 1 행 이(가) 삽입되었습니다.

--○ 가입신청 반려이유 RETURN_REASON
INSERT INTO RETURN_REASON(REASON_ID, REASON) VALUES ('1', '거절');
INSERT INTO RETURN_REASON(REASON_ID, REASON) VALUES ('2', '시간초과');
--==>> 1 행 이(가) 삽입되었습니다.

--○ 상태 STATUS
INSERT INTO STATUS(STATUS_ID, NAME) VALUES ('1', '유령');
INSERT INTO STATUS(STATUS_ID, NAME) VALUES ('2', '휴면');
INSERT INTO STATUS(STATUS_ID, NAME) VALUES ('3', '종료');
INSERT INTO STATUS(STATUS_ID, NAME) VALUES ('4', '비활성화');
--==>> 1 행 이(가) 삽입되었습니다.

--○ 직위 POSITION
INSERT INTO POSITION(POSITION_ID, NAME) VALUES ('1', '동아리원');
INSERT INTO POSITION(POSITION_ID, NAME) VALUES ('2', '총무');
INSERT INTO POSITION(POSITION_ID, NAME) VALUES ('3', '스태프');
INSERT INTO POSITION(POSITION_ID, NAME) VALUES ('4', '동아리장');
--==>> 1 행 이(가) 삽입되었습니다.

SELECT MID, BDATE AS 가입일, LOGIN_DATE AS 마지막로그인날짜, CATEGORY_S_ID
FROM MEMBER;

--○ 회원 MEMBER
--오래된 사용자(활동중)
INSERT INTO MEMBER(MID, BDATE,LOGIN_DATE,CATEGORY_S_ID) VALUES ('M'||MEMBERSEQ.NEXTVAL,TO_DATE('2014-12-01','YYYY-MM-DD'),SYSDATE, '1');
INSERT INTO MEMBER(MID, BDATE,LOGIN_DATE,CATEGORY_S_ID) VALUES ('M'||MEMBERSEQ.NEXTVAL,TO_DATE('2015-03-01','YYYY-MM-DD'),SYSDATE, '1');
INSERT INTO MEMBER(MID, BDATE,LOGIN_DATE,CATEGORY_S_ID) VALUES ('M'||MEMBERSEQ.NEXTVAL,TO_DATE('2015-04-01','YYYY-MM-DD'),SYSDATE, '2');
INSERT INTO MEMBER(MID, BDATE,LOGIN_DATE,CATEGORY_S_ID) VALUES ('M'||MEMBERSEQ.NEXTVAL,TO_DATE('2015-11-01','YYYY-MM-DD'),SYSDATE, '2');
INSERT INTO MEMBER(MID, BDATE,LOGIN_DATE,CATEGORY_S_ID) VALUES ('M'||MEMBERSEQ.NEXTVAL,TO_DATE('2015-11-01','YYYY-MM-DD'),SYSDATE, '3');
INSERT INTO MEMBER(MID, BDATE,LOGIN_DATE,CATEGORY_S_ID) VALUES ('M'||MEMBERSEQ.NEXTVAL,TO_DATE('2015-12-01','YYYY-MM-DD'),TO_DATE('2021-12-11','YYYY-MM-DD'), '3');
INSERT INTO MEMBER(MID, BDATE,LOGIN_DATE,CATEGORY_S_ID) VALUES ('M'||MEMBERSEQ.NEXTVAL,TO_DATE('2015-12-01','YYYY-MM-DD'),SYSDATE, '4');
INSERT INTO MEMBER(MID, BDATE,LOGIN_DATE,CATEGORY_S_ID) VALUES ('M'||MEMBERSEQ.NEXTVAL,TO_DATE('2015-12-01','YYYY-MM-DD'),SYSDATE, '4');
INSERT INTO MEMBER(MID, BDATE,LOGIN_DATE,CATEGORY_S_ID) VALUES ('M'||MEMBERSEQ.NEXTVAL,TO_DATE('2015-12-01','YYYY-MM-DD'),SYSDATE, '5');
INSERT INTO MEMBER(MID, BDATE,LOGIN_DATE,CATEGORY_S_ID) VALUES ('M'||MEMBERSEQ.NEXTVAL,TO_DATE('2015-12-01','YYYY-MM-DD'),TO_DATE('2021-04-22','YYYY-MM-DD'), '5');

--오래된 사용자(활동 중단 그룹)
INSERT INTO MEMBER(MID, BDATE,LOGIN_DATE,CATEGORY_S_ID) VALUES ('M'||MEMBERSEQ.NEXTVAL,TO_DATE('2015-12-31','YYYY-MM-DD'),SYSDATE, '5');
INSERT INTO MEMBER(MID, BDATE,LOGIN_DATE,CATEGORY_S_ID) VALUES ('M'||MEMBERSEQ.NEXTVAL,TO_DATE('2016-03-01','YYYY-MM-DD'),SYSDATE, '5');
INSERT INTO MEMBER(MID, BDATE,LOGIN_DATE,CATEGORY_S_ID) VALUES ('M'||MEMBERSEQ.NEXTVAL,TO_DATE('2016-04-01','YYYY-MM-DD'),SYSDATE, '6');
INSERT INTO MEMBER(MID, BDATE,LOGIN_DATE,CATEGORY_S_ID) VALUES ('M'||MEMBERSEQ.NEXTVAL,TO_DATE('2016-11-01','YYYY-MM-DD'),SYSDATE, '6');
INSERT INTO MEMBER(MID, BDATE,LOGIN_DATE,CATEGORY_S_ID) VALUES ('M'||MEMBERSEQ.NEXTVAL,TO_DATE('2016-11-01','YYYY-MM-DD'),SYSDATE, '7');
INSERT INTO MEMBER(MID, BDATE,LOGIN_DATE,CATEGORY_S_ID) VALUES ('M'||MEMBERSEQ.NEXTVAL,TO_DATE('2016-12-01','YYYY-MM-DD'),TO_DATE('2021-12-11','YYYY-MM-DD'), '7');
INSERT INTO MEMBER(MID, BDATE,LOGIN_DATE,CATEGORY_S_ID) VALUES ('M'||MEMBERSEQ.NEXTVAL,TO_DATE('2016-12-01','YYYY-MM-DD'),SYSDATE, '8');
INSERT INTO MEMBER(MID, BDATE,LOGIN_DATE,CATEGORY_S_ID) VALUES ('M'||MEMBERSEQ.NEXTVAL,TO_DATE('2016-12-01','YYYY-MM-DD'),SYSDATE, '8');
INSERT INTO MEMBER(MID, BDATE,LOGIN_DATE,CATEGORY_S_ID) VALUES ('M'||MEMBERSEQ.NEXTVAL,TO_DATE('2016-12-01','YYYY-MM-DD'),SYSDATE, '9');
INSERT INTO MEMBER(MID, BDATE,LOGIN_DATE,CATEGORY_S_ID) VALUES ('M'||MEMBERSEQ.NEXTVAL,TO_DATE('2016-12-01','YYYY-MM-DD'),TO_DATE('2021-04-22','YYYY-MM-DD'), '10');

--비교적 최근 사용자
INSERT INTO MEMBER(MID, BDATE,LOGIN_DATE,CATEGORY_S_ID) VALUES ('M'||MEMBERSEQ.NEXTVAL,TO_DATE('2020-12-01','YYYY-MM-DD'),SYSDATE, '1');
INSERT INTO MEMBER(MID, BDATE,LOGIN_DATE,CATEGORY_S_ID) VALUES ('M'||MEMBERSEQ.NEXTVAL,TO_DATE('2021-03-01','YYYY-MM-DD'),SYSDATE, '1');
INSERT INTO MEMBER(MID, BDATE,LOGIN_DATE,CATEGORY_S_ID) VALUES ('M'||MEMBERSEQ.NEXTVAL,TO_DATE('2021-04-01','YYYY-MM-DD'),TO_DATE('2021-04-22','YYYY-MM-DD'), '2');
INSERT INTO MEMBER(MID, BDATE,LOGIN_DATE,CATEGORY_S_ID) VALUES ('M'||MEMBERSEQ.NEXTVAL,TO_DATE('2021-11-01','YYYY-MM-DD'),SYSDATE, '2');
INSERT INTO MEMBER(MID, BDATE,LOGIN_DATE,CATEGORY_S_ID) VALUES ('M'||MEMBERSEQ.NEXTVAL,TO_DATE('2021-11-01','YYYY-MM-DD'),SYSDATE, '5');
INSERT INTO MEMBER(MID, BDATE,LOGIN_DATE,CATEGORY_S_ID) VALUES ('M'||MEMBERSEQ.NEXTVAL,TO_DATE('2021-12-01','YYYY-MM-DD'),TO_DATE('2021-12-11','YYYY-MM-DD'), '6');
INSERT INTO MEMBER(MID, BDATE,LOGIN_DATE,CATEGORY_S_ID) VALUES ('M'||MEMBERSEQ.NEXTVAL,TO_DATE('2021-12-01','YYYY-MM-DD'),SYSDATE, '5');
INSERT INTO MEMBER(MID, BDATE,LOGIN_DATE,CATEGORY_S_ID) VALUES ('M'||MEMBERSEQ.NEXTVAL,SYSDATE,SYSDATE, '11');
INSERT INTO MEMBER(MID, BDATE,LOGIN_DATE,CATEGORY_S_ID) VALUES ('M'||MEMBERSEQ.NEXTVAL,SYSDATE,SYSDATE, '9');
INSERT INTO MEMBER(MID, BDATE,LOGIN_DATE,CATEGORY_S_ID) VALUES ('M'||MEMBERSEQ.NEXTVAL,SYSDATE,SYSDATE, '10');
--==>> 1 행 이(가) 삽입되었습니다.

-- 고인물 그룹(활동중)
-- 고인물 그룹(활동 종료- 신고, 탈퇴, 유령 등등)
-- 뉴비들 - 프로그램 돌리면서 넣고

--○ 회원정보 MEMBERINFO
--오래된 사용자(활동중)
INSERT INTO MEMBERINFO(ID,NAME,SSN,EMAIL,TEL,PWD,NICKNAME,URL,REGION_S_ID,MID)
VALUES ('MI'||MEMBERINFOSEQ.NEXTVAL,'김지우','9601112222542','kjw@test.com','010-1111-1234','a123456!','우주','기본경로','1','M1');
INSERT INTO MEMBERINFO(ID,NAME,SSN,EMAIL,TEL,PWD,NICKNAME,URL,REGION_S_ID,MID)
VALUES ('MI'||MEMBERINFOSEQ.NEXTVAL,'박민준','9802012226542','pmj@test.com','010-2222-1234','b123456!','딸기조아','기본경로','1','M2');
INSERT INTO MEMBERINFO(ID,NAME,SSN,EMAIL,TEL,PWD,NICKNAME,URL,REGION_S_ID,MID)
VALUES ('MI'||MEMBERINFOSEQ.NEXTVAL,'정서윤','0504181112351','jsy@test.com','010-3333-1234','c123456!','카트온리','기본경로','2','M3');
INSERT INTO MEMBERINFO(ID,NAME,SSN,EMAIL,TEL,PWD,NICKNAME,URL,REGION_S_ID,MID)
VALUES ('MI'||MEMBERINFOSEQ.NEXTVAL,'최서연','9510012221232','csy@test.com','010-4444-1234','d123456!','이끼젤리','기본경로','1','M4');
INSERT INTO MEMBERINFO(ID,NAME,SSN,EMAIL,TEL,PWD,NICKNAME,URL,REGION_S_ID,MID)
VALUES ('MI'||MEMBERINFOSEQ.NEXTVAL,'유서준','0008072227892','ysj@test.com','010-5555-1234','e123456!','캡틴','기본경로','2','M5');
INSERT INTO MEMBERINFO(ID,NAME,SSN,EMAIL,TEL,PWD,NICKNAME,URL,REGION_S_ID,MID)
VALUES ('MI'||MEMBERINFOSEQ.NEXTVAL,'이민서','9905052229872','lms@test.com','010-6666-1234','f123456!','자유정원','기본경로','1','M6');
INSERT INTO MEMBERINFO(ID,NAME,SSN,EMAIL,TEL,PWD,NICKNAME,URL,REGION_S_ID,MID)
VALUES ('MI'||MEMBERINFOSEQ.NEXTVAL,'신서현','8512111114561','ssh@test.com','010-7777-1234','g123456!','오메가','기본경로','1','M7');
INSERT INTO MEMBERINFO(ID,NAME,SSN,EMAIL,TEL,PWD,NICKNAME,URL,REGION_S_ID,MID)
VALUES ('MI'||MEMBERINFOSEQ.NEXTVAL,'홍하윤','8801091116541','hhy@test.com','010-8888-1234','h123456!','취미사냥꾼','기본경로','1','M8');
INSERT INTO MEMBERINFO(ID,NAME,SSN,EMAIL,TEL,PWD,NICKNAME,URL,REGION_S_ID,MID)
VALUES ('MI'||MEMBERINFOSEQ.NEXTVAL,'서도윤','9009091115551','sdy@test.com','010-9999-1234','i123456!','앙증붕어','기본경로','1','M9');
INSERT INTO MEMBERINFO(ID,NAME,SSN,EMAIL,TEL,PWD,NICKNAME,URL,REGION_S_ID,MID)
VALUES ('MI'||MEMBERINFOSEQ.NEXTVAL,'장시우','7902011117651','jsw@test.com','010-1010-1234','j123456!','멋쟁이토마토','기본경로','2','M10');

--오래된 사용자(활동 중단 그룹)
INSERT INTO MEMBERINFO(ID,NAME,SSN,EMAIL,TEL,PWD,NICKNAME,URL,REGION_S_ID,MID)
VALUES ('MI'||MEMBERINFOSEQ.NEXTVAL,'양지민','9601112222549','yjm@test.com','010-1111-4321','a123456!','잠팅이','기본경로','1','M11');
INSERT INTO MEMBERINFO(ID,NAME,SSN,EMAIL,TEL,PWD,NICKNAME,URL,REGION_S_ID,MID)
VALUES ('MI'||MEMBERINFOSEQ.NEXTVAL,'김주원','9802012226549','kjw1@test.com','010-2222-4321','b123456!','반짝반짝작은별','기본경로','1','M12');
INSERT INTO MEMBERINFO(ID,NAME,SSN,EMAIL,TEL,PWD,NICKNAME,URL,REGION_S_ID,MID)
VALUES ('MI'||MEMBERINFOSEQ.NEXTVAL,'소연우','0504181112359','syw@test.com','010-3333-4321','c123456!','아이언맨','기본경로','2','M13');
INSERT INTO MEMBERINFO(ID,NAME,SSN,EMAIL,TEL,PWD,NICKNAME,URL,REGION_S_ID,MID)
VALUES ('MI'||MEMBERINFOSEQ.NEXTVAL,'한예준','9510012221239','hyj@test.com','010-4444-4321','d123456!','토르','기본경로','1','M14');
INSERT INTO MEMBERINFO(ID,NAME,SSN,EMAIL,TEL,PWD,NICKNAME,URL,REGION_S_ID,MID)
VALUES ('MI'||MEMBERINFOSEQ.NEXTVAL,'이지원','0008072227899','ljw@test.com','010-5555-4321','e123456!','로키','기본경로','2','M15');
INSERT INTO MEMBERINFO(ID,NAME,SSN,EMAIL,TEL,PWD,NICKNAME,URL,REGION_S_ID,MID)
VALUES ('MI'||MEMBERINFOSEQ.NEXTVAL,'채하은','9905052229879','che@test.com','010-6666-4321','f123456!','완다','기본경로','1','M16');
INSERT INTO MEMBERINFO(ID,NAME,SSN,EMAIL,TEL,PWD,NICKNAME,URL,REGION_S_ID,MID)
VALUES ('MI'||MEMBERINFOSEQ.NEXTVAL,'엄지호','8512111114569','ujh@test.com','010-7777-4321','g123456!','블랙위도우','기본경로','1','M17');
INSERT INTO MEMBERINFO(ID,NAME,SSN,EMAIL,TEL,PWD,NICKNAME,URL,REGION_S_ID,MID)
VALUES ('MI'||MEMBERINFOSEQ.NEXTVAL,'노지후','8801091116549','sjh@test.com','010-8888-4321','h123456!','스파이더맨','기본경로','1','M18');
INSERT INTO MEMBERINFO(ID,NAME,SSN,EMAIL,TEL,PWD,NICKNAME,URL,REGION_S_ID,MID)
VALUES ('MI'||MEMBERINFOSEQ.NEXTVAL,'현서진','9009091115559','hsj@test.com','010-9999-4321','i123456!','스타로드','기본경로','1','M19');
INSERT INTO MEMBERINFO(ID,NAME,SSN,EMAIL,TEL,PWD,NICKNAME,URL,REGION_S_ID,MID)
VALUES ('MI'||MEMBERINFOSEQ.NEXTVAL,'곽윤서','7902011117659','kws@test.com','010-1010-4321','j123456!','닥터스트레인지','기본경로','2','M20');

INSERT INTO MEMBERINFO(ID,NAME,SSN,EMAIL,TEL,PWD,NICKNAME,URL,REGION_S_ID,MID)
VALUES ('MI'||MEMBERINFOSEQ.NEXTVAL,'장민지','9601112222222','jmj@test.com','010-1111-1111','a123456!','야옹야옹','기본경로','1','M21');
INSERT INTO MEMBERINFO(ID,NAME,SSN,EMAIL,TEL,PWD,NICKNAME,URL,REGION_S_ID,MID)
VALUES ('MI'||MEMBERINFOSEQ.NEXTVAL,'최현정','9802012222222','chj@test.com','010-2222-2222','b123456!','치킨이좋아요','기본경로','1','M22');
INSERT INTO MEMBERINFO(ID,NAME,SSN,EMAIL,TEL,PWD,NICKNAME,URL,REGION_S_ID,MID)
VALUES ('MI'||MEMBERINFOSEQ.NEXTVAL,'서승균','0504181111111','ssg@test.com','010-3333-3333','c123456!','나는핏짜','기본경로','2','M23');
INSERT INTO MEMBERINFO(ID,NAME,SSN,EMAIL,TEL,PWD,NICKNAME,URL,REGION_S_ID,MID)
VALUES ('MI'||MEMBERINFOSEQ.NEXTVAL,'이윤서','9510012222222','lys@test.com','010-4444-4444','d123456!','막막하구나','기본경로','1','M24');
INSERT INTO MEMBERINFO(ID,NAME,SSN,EMAIL,TEL,PWD,NICKNAME,URL,REGION_S_ID,MID)
VALUES ('MI'||MEMBERINFOSEQ.NEXTVAL,'정효진','0008072222222','jhj@test.com','010-5555-5555','e123456!','겨울눈사람','기본경로','2','M25');
INSERT INTO MEMBERINFO(ID,NAME,SSN,EMAIL,TEL,PWD,NICKNAME,URL,REGION_S_ID,MID)
VALUES ('MI'||MEMBERINFOSEQ.NEXTVAL,'채지윤','9905052222222','cjy@test.com','010-6666-6666','f123456!','엘사','기본경로','1','M26');
INSERT INTO MEMBERINFO(ID,NAME,SSN,EMAIL,TEL,PWD,NICKNAME,URL,REGION_S_ID,MID)
VALUES ('MI'||MEMBERINFOSEQ.NEXTVAL,'김호진','8512111111111','khj@test.com','010-7777-7777','g123456!','올라프','기본경로','1','M27');
INSERT INTO MEMBERINFO(ID,NAME,SSN,EMAIL,TEL,PWD,NICKNAME,URL,REGION_S_ID,MID)
VALUES ('MI'||MEMBERINFOSEQ.NEXTVAL,'홍길동','8801091111111','hgd@test.com','010-8888-8888','h123456!','동에번쩍서에번쩍','기본경로','1','M28');
INSERT INTO MEMBERINFO(ID,NAME,SSN,EMAIL,TEL,PWD,NICKNAME,URL,REGION_S_ID,MID)
VALUES ('MI'||MEMBERINFOSEQ.NEXTVAL,'박첨지','9009091111111','pcj@test.com','010-9999-9999','i123456!','시크첨지','기본경로','1','M29');
INSERT INTO MEMBERINFO(ID,NAME,SSN,EMAIL,TEL,PWD,NICKNAME,URL,REGION_S_ID,MID)
VALUES ('MI'||MEMBERINFOSEQ.NEXTVAL,'유재석','7902011111111','yjs@test.com','010-1010-1010','j123456!','유느님','기본경로','2','M30');
--==>> 1 행 이(가) 삽입되었습니다.


--○ 추가 지역 선택 ADD_REGION
INSERT INTO ADD_REGION(ADD_REGION_ID, ID, REGION_S_ID) VALUES (ADD_REGIONSEQ.NEXTVAL, 'MI3', '5');


--○ 추가 카테고리 선택 ADD_CATEGORY
-- 카테고리 추가
INSERT INTO ADD_CATEGORY(ADD_CATEGORY_ID, MID, CATEGORY_S_ID) VALUES (ADD_CATEGORYSEQ.NEXTVAL, 'M3', '7');
--==>> 1 행 이(가) 삽입되었습니다.


--○ 지역 제한 코드 
INSERT INTO LIMIT_REGION(LIMIT_ID, OX) VALUES('O', '제한 있음');
INSERT INTO LIMIT_REGION(LIMIT_ID, OX) VALUES('X', '제한 없음');
--==>> 1 행 이(가) 삽입되었습니다.


--○ 나이 제한 코드 
INSERT INTO LIMIT_AGE(AGELIMIT_ID, OX) VALUES('O', '제한 있음');
INSERT INTO LIMIT_AGE(AGELIMIT_ID, OX) VALUES('X', '제한 없음');


--○ 추가 지역 데이터 


--○ 동아리 CLUB
INSERT INTO CLUB(CID,TITLE,MID,PREOPENDATE,BDATE,MAX,CONTENT,CATEGORY_S_ID,REGION_S_ID,URL,LIMIT_ID,AGELIMIT_ID)
VALUES ('C'||CLUBSEQ.NEXTVAL, '캠핑 러버들의 모임', 'M1',TO_DATE('2015-12-02','YYYY-MM-DD') , TO_DATE('2015-12-02','YYYY-MM-DD'), 200
, '전국 각지 캠핑을 사랑하는 캠핑러들의 모임입니다. 많이 가입해주세요~', 
'3', '0','사진경로','X', 'X'); -- C1 지역제한없음
INSERT INTO CLUB(CID,TITLE,MID,PREOPENDATE,BDATE,MAX,CONTENT,CATEGORY_S_ID,REGION_S_ID,URL,LIMIT_ID,AGELIMIT_ID)
VALUES ('C'||CLUBSEQ.NEXTVAL, '요리왕 2030', 'M2',TO_DATE('2015-12-02','YYYY-MM-DD') , TO_DATE('2015-12-02','YYYY-MM-DD'), 200
, ' 요리 레시피도 공유하고 맛있는 요리 함께 만들어요~'
, '11', '1','사진경로','X','X'); --C2 20,30대 나이제한, 서울전체로 지역제한
INSERT INTO CLUB(CID,TITLE,MID,PREOPENDATE,BDATE,MAX,CONTENT,CATEGORY_S_ID,REGION_S_ID,URL,LIMIT_ID,AGELIMIT_ID)
VALUES ('C'||CLUBSEQ.NEXTVAL, '소수 등산모임', 'M7',TO_DATE('2015-12-02','YYYY-MM-DD') , TO_DATE('2015-12-02','YYYY-MM-DD') , 10
, ' 최소 2주에 한 번 등산하실 분들 모여요 '
, '4', '2','사진경로','X','X'); --C3 인원 10명으로 제한, 서울전체 
INSERT INTO CLUB(CID,TITLE,MID,PREOPENDATE,BDATE,MAX,CONTENT,CATEGORY_S_ID,REGION_S_ID,URL,LIMIT_ID,AGELIMIT_ID)
VALUES ('C'||CLUBSEQ.NEXTVAL, '제빵사 꿈나무 CLUB', 'M3', TO_DATE('2015-12-02','YYYY-MM-DD') , TO_DATE('2015-12-02','YYYY-MM-DD'), 100
, '제빵사에 관심있는 10대들의 모임입니다!! 제빵 꿈나무 10대들 모여라~~'
, '10', '0','사진경로','X','X'); --C4 지역전체, 10대 나이제한
INSERT INTO CLUB(CID,TITLE,MID,PREOPENDATE,BDATE,MAX,CONTENT,CATEGORY_S_ID,REGION_S_ID,URL,LIMIT_ID,AGELIMIT_ID)
VALUES ('C'||CLUBSEQ.NEXTVAL, '해외여행 정보공유 해잘알','M5',TO_DATE('2015-12-02','YYYY-MM-DD') , TO_DATE('2015-12-02','YYYY-MM-DD') , 200
, '혼자 알아보기 어려운 해외여행! 여행 정보와 여행후기 함께 공유해요~ 동행모집 금지! '
, '2', '0','사진경로','X','X');


--○ 가입신청 JOIN_CLUB 
INSERT INTO JOIN_CLUB(JOIN_ID, CID, MID, BDATE) VALUES('JC'||JOIN_CLUBSEQ.NEXTVAL,'C1','M1',TO_DATE('2015-12-02','YYYY-MM-DD'));
INSERT INTO JOIN_CLUB(JOIN_ID, CID, MID, BDATE) VALUES('JC'||JOIN_CLUBSEQ.NEXTVAL,'C2','M2',TO_DATE('2015-12-02','YYYY-MM-DD'));
INSERT INTO JOIN_CLUB(JOIN_ID, CID, MID, BDATE) VALUES('JC'||JOIN_CLUBSEQ.NEXTVAL,'C3','M7',TO_DATE('2015-12-02','YYYY-MM-DD'));
INSERT INTO JOIN_CLUB(JOIN_ID, CID, MID, BDATE) VALUES('JC'||JOIN_CLUBSEQ.NEXTVAL,'C4','M3',TO_DATE('2015-12-02','YYYY-MM-DD'));
INSERT INTO JOIN_CLUB(JOIN_ID, CID, MID, BDATE) VALUES('JC'||JOIN_CLUBSEQ.NEXTVAL,'C5','M5',TO_DATE('2015-12-02','YYYY-MM-DD'));
INSERT INTO JOIN_CLUB(JOIN_ID, CID, MID, BDATE) VALUES('JC'||JOIN_CLUBSEQ.NEXTVAL,'C1','M2',TO_DATE('2015-12-02','YYYY-MM-DD'));
INSERT INTO JOIN_CLUB(JOIN_ID, CID, MID, BDATE) VALUES('JC'||JOIN_CLUBSEQ.NEXTVAL,'C1','M3',TO_DATE('2015-12-02','YYYY-MM-DD'));
INSERT INTO JOIN_CLUB(JOIN_ID, CID, MID, BDATE) VALUES('JC'||JOIN_CLUBSEQ.NEXTVAL,'C1','M4',TO_DATE('2015-12-02','YYYY-MM-DD'));
INSERT INTO JOIN_CLUB(JOIN_ID, CID, MID, BDATE) VALUES('JC'||JOIN_CLUBSEQ.NEXTVAL,'C1','M5',TO_DATE('2015-12-03','YYYY-MM-DD'));
INSERT INTO JOIN_CLUB(JOIN_ID, CID, MID, BDATE) VALUES('JC'||JOIN_CLUBSEQ.NEXTVAL,'C1','M6',TO_DATE('2015-12-04','YYYY-MM-DD'));
INSERT INTO JOIN_CLUB(JOIN_ID, CID, MID, BDATE) VALUES('JC'||JOIN_CLUBSEQ.NEXTVAL,'C1','M7',TO_DATE('2015-12-10','YYYY-MM-DD'));
INSERT INTO JOIN_CLUB(JOIN_ID, CID, MID, BDATE) VALUES('JC'||JOIN_CLUBSEQ.NEXTVAL,'C1','M8',TO_DATE('2015-12-11','YYYY-MM-DD'));
INSERT INTO JOIN_CLUB(JOIN_ID, CID, MID, BDATE) VALUES('JC'||JOIN_CLUBSEQ.NEXTVAL,'C1','M9',TO_DATE('2015-12-12','YYYY-MM-DD'));
INSERT INTO JOIN_CLUB(JOIN_ID, CID, MID, BDATE) VALUES('JC'||JOIN_CLUBSEQ.NEXTVAL,'C1','M10',TO_DATE('2015-12-13','YYYY-MM-DD'));
--1 행 이(가) 삽입되었습니다. * 5


--○ 동아리 회원목록 CLUBMEMBERLIST
INSERT INTO CLUBMEMBERLIST(CLUBMEM_ID,JOIN_ID,BDATE,POSITION_ID) VALUES ('CM'||CLUBMEMBERLISTSEQ.NEXTVAL, 'JC1', TO_DATE('2015-12-02','YYYY-MM-DD'), '4');
INSERT INTO CLUBMEMBERLIST(CLUBMEM_ID,JOIN_ID,BDATE,POSITION_ID) VALUES ('CM'||CLUBMEMBERLISTSEQ.NEXTVAL, 'JC2', TO_DATE('2015-12-02','YYYY-MM-DD'), '4');
INSERT INTO CLUBMEMBERLIST(CLUBMEM_ID,JOIN_ID,BDATE,POSITION_ID) VALUES ('CM'||CLUBMEMBERLISTSEQ.NEXTVAL, 'JC3', TO_DATE('2015-12-02','YYYY-MM-DD'), '4');
INSERT INTO CLUBMEMBERLIST(CLUBMEM_ID,JOIN_ID,BDATE,POSITION_ID) VALUES ('CM'||CLUBMEMBERLISTSEQ.NEXTVAL, 'JC4', TO_DATE('2015-12-02','YYYY-MM-DD'), '4');
INSERT INTO CLUBMEMBERLIST(CLUBMEM_ID,JOIN_ID,BDATE,POSITION_ID) VALUES ('CM'||CLUBMEMBERLISTSEQ.NEXTVAL, 'JC5', TO_DATE('2015-12-02','YYYY-MM-DD'), '4');
INSERT INTO CLUBMEMBERLIST(CLUBMEM_ID,JOIN_ID,BDATE,POSITION_ID) VALUES ('CM'||CLUBMEMBERLISTSEQ.NEXTVAL, 'JC6', TO_DATE('2015-12-02','YYYY-MM-DD'), '2');
INSERT INTO CLUBMEMBERLIST(CLUBMEM_ID,JOIN_ID,BDATE,POSITION_ID) VALUES ('CM'||CLUBMEMBERLISTSEQ.NEXTVAL, 'JC7', TO_DATE('2015-12-02','YYYY-MM-DD'), '3');
INSERT INTO CLUBMEMBERLIST(CLUBMEM_ID,JOIN_ID,BDATE,POSITION_ID) VALUES ('CM'||CLUBMEMBERLISTSEQ.NEXTVAL, 'JC8', TO_DATE('2015-12-02','YYYY-MM-DD'), '1');
INSERT INTO CLUBMEMBERLIST(CLUBMEM_ID,JOIN_ID,BDATE,POSITION_ID) VALUES ('CM'||CLUBMEMBERLISTSEQ.NEXTVAL, 'JC9', TO_DATE('2015-12-03','YYYY-MM-DD'), '1');
INSERT INTO CLUBMEMBERLIST(CLUBMEM_ID,JOIN_ID,BDATE,POSITION_ID) VALUES ('CM'||CLUBMEMBERLISTSEQ.NEXTVAL, 'JC10', TO_DATE('2015-12-14','YYYY-MM-DD'), '1');
INSERT INTO CLUBMEMBERLIST(CLUBMEM_ID,JOIN_ID,BDATE,POSITION_ID) VALUES ('CM'||CLUBMEMBERLISTSEQ.NEXTVAL, 'JC11', TO_DATE('2015-12-10','YYYY-MM-DD'), '1');
INSERT INTO CLUBMEMBERLIST(CLUBMEM_ID,JOIN_ID,BDATE,POSITION_ID) VALUES ('CM'||CLUBMEMBERLISTSEQ.NEXTVAL, 'JC12', TO_DATE('2015-12-11','YYYY-MM-DD'), '1');
INSERT INTO CLUBMEMBERLIST(CLUBMEM_ID,JOIN_ID,BDATE,POSITION_ID) VALUES ('CM'||CLUBMEMBERLISTSEQ.NEXTVAL, 'JC13', TO_DATE('2015-12-12','YYYY-MM-DD'), '1');
INSERT INTO CLUBMEMBERLIST(CLUBMEM_ID,JOIN_ID,BDATE,POSITION_ID) VALUES ('CM'||CLUBMEMBERLISTSEQ.NEXTVAL, 'JC14', TO_DATE('2015-12-13','YYYY-MM-DD'), '1');
-- 1 행 이(가) 삽입되었습니다. * 5



--------------------------------------------------------------------------------------------------------------데이터 안 넣었음


--■ 비회원문의(NON_INQUIRYSEQ) 시퀀스
CREATE SEQUENCE NON_INQUIRYSEQ
NOCACHE;
--==>> Sequence NON_INQUIRYSEQ이(가) 생성되었습니다.

SELECT *
FROM NON_INQUIRY;

INSERT INTO NON_INQUIRY(B_ID, PWD, DATE, TITLE, CONTENT, NAME, EMAIL)
VALUES (NON_INQUIRYSEQ.NEXTVAL, '1234', TO_DATE('2011-12-25', 'YYYY-MM-DD'), '동아리 개설 관련 문의입니다.',
'동아리 활동 개수 제한이 5개인데 그것보다 더 하고 싶습니다. 혹시 그런 기능이 있나요?','최현정', 'choi2346@test.com');

INSERT INTO NON_INQUIRY(B_ID, PWD, DATE, TITLE, CONTENT, NAME, EMAIL)
VALUES (NON_INQUIRYSEQ.NEXTVAL, '2351', TO_DATE('2019-1-5', 'YYYY-MM-DD'), '기능 문제입니다.','웹 페이지 자체가 반응이 느려요!','서승균', 'seo1234@test1.com');

INSERT INTO NON_INQUIRY(B_ID, PWD, DATE, TITLE, CONTENT, NAME, EMAIL)
VALUES (NON_INQUIRYSEQ.NEXTVAL, '1234', TO_DATE('2011-12-25', 'YYYY-MM-DD'), '저희 집 마우스가 고장났어요.','
회의를 할 때마다 삐걱거려요. 회의를 할 때마다 삐걱거려요. 회의를 할 때마다 삐걱거려요','장민지', 'jang234@test2.com');

INSERT INTO NON_INQUIRY(B_ID, PWD, DATE, TITLE, CONTENT, NAME, EMAIL)
VALUES (NON_INQUIRYSEQ.NEXTVAL, '1234', TO_DATE('2011-12-25', 'YYYY-MM-DD'), '회원 개인정보 관리.',
'사이트 개인정보 보관 기간이 언제까지인가요? 사이트 개인정보 보관 기간이 언제까지인가요? 사이트 개인정보 보관 기간이 언제까지인가요?','이윤서', 'lee11@test3.com');

INSERT INTO NON_INQUIRY(B_ID, PWD, DATE, TITLE, CONTENT, NAME, EMAIL)
VALUES (NON_INQUIRYSEQ.NEXTVAL, '1234', TO_DATE('2011-12-25', 'YYYY-MM-DD'), '해킹을 당했어요',
'누가 제 아이디를 해킹해서 모임에 관한 정보가 사라졌어요 복구 가능한가요?','정효진', 'jeong09@test4.com');




--■ 1:1 문의(MEM_INQUIRYSEQ) 시퀀스
CREATE SEQUENCE MEM_INQUIRYSEQ
NOCACHE;
-- Sequence MEM_INQUIRYSEQ이(가) 생성되었습니다.

INSERT INTO MEM_INQUIRYSEQ MEM_INQUIRY(B_ID, DATE, MID, TITLE, CONTENT) VALUES (MEM_INQUIRYSEQ, TO_DATE('2021-12-10', 'YYYY-MM-DD'), 'M1', '동아리 탈퇴', 
'모임을 나간 적이 없는데 나가졌어요. 모임을 나간 적이 없는데 나가졌어요.');

INSERT INTO MEM_INQUIRYSEQ MEM_INQUIRY(B_ID, DATE, MID, TITLE, CONTENT) VALUES (MEM_INQUIRYSEQ, TO_DATE('2021-12-5', 'YYYY-MM-DD'),'M2', '사이트 탈퇴하는 법', 
'사이트를 탈퇴하고 싶은데 어디있는지 잘 보이지가 않아요. 사이트를 탈퇴하고 싶은데 어디있는지 잘 보이지가 않아요.');

INSERT INTO MEM_INQUIRYSEQ MEM_INQUIRY(B_ID, DATE, MID, TITLE, CONTENT) VALUES (MEM_INQUIRYSEQ, TO_DATE('2021-12-14', 'YYYY-MM-DD'), 'M3', '스태프 인원', 
'스태프가 총 인원의 10%라고 하는데 너무 적은 것 같아요.스태프가 총 인원의 10%라고 하는데 너무 적은 것 같아요.');

INSERT INTO MEM_INQUIRYSEQ MEM_INQUIRY(B_ID, DATE, MID, TITLE, CONTENT) VALUES (MEM_INQUIRYSEQ, TO_DATE('2021-12-20', 'YYYY-MM-DD'), 'M4', '카테고리 늘려주세요', 
'타투 좋아하는 사람들을 위한 카테고리를 만들어주실 수 있나요?타투 좋아하는 사람들을 위한 카테고리를 만들어주실 수 있나요?');

INSERT INTO MEM_INQUIRYSEQ MEM_INQUIRY(B_ID, DATE, MID, TITLE, CONTENT) VALUES (MEM_INQUIRYSEQ, TO_DATE('2021-12-25', 'YYYY-MM-DD'), 'M5', '동아리 사진 관련', 
'동아리 사진에 제가 있는게 싫어서 건의했습니다. 동아리장이 안된다고 말씀하셔서 신고했는데 신고 처리 일은 얼마나 걸리나요?');



--○ 카테고리별 게시판 컨텐츠신고접수

--■ 카테고리별 게시판 컨텐츠신고접수(CATEGORY_B_REP) 시퀀스
CREATE SEQUENCE CATEGORY_B_REPSEQ
NOCACHE;

INSERT INTO CATEGORY_B_REP(REP_ID, B_ID, REP_DATE, MID, R_REASON_ID, PRO_DATE, ADMIN_ID, P_REASON_ID) 
VALUES(CATEGORY_B_REPSEQ.NEXTVAL, '21', TO_DATE('2015-12-28', 'YYYY-MM-DD'), 'M9', '4', TO_DATE('2015-12-29', 'YYYY-MM-DD'), 'ADMIN1', '4');

INSERT INTO CATEGORY_B_REP(REP_ID, B_ID, REP_DATE, MID, R_REASON_ID, PRO_DATE, ADMIN_ID, P_REASON_ID) 
VALUES(CATEGORY_B_REPSEQ.NEXTVAL, '21', TO_DATE('2016-01-17', 'YYYY-MM-DD'), 'M9', '4', TO_DATE('2016-01-20', 'YYYY-MM-DD'), 'ADMIN1', '4');





----------------------------------------------------------------------------------------
--○ 모집 (RECRUIT_BOARDSEQ) 데이터 생성
INSERT INTO RECRUIT_BOARD(B_ID,CLUBMEM_ID,TITLE,CONTENT,POSITION_ID,BDATE)
 VALUES(RECRUIT_BOARDSEQ.NEXTVAL, 'CM1','스태프 모집 합니다.'
 ,'우리 동아리의 스태프를 모집합니다 많이 지원해주세요~', '3',TO_DATE('2016-03-01','YYYY-MM-DD'));
 INSERT INTO RECRUIT_BOARD(B_ID,CLUBMEM_ID,TITLE,CONTENT,POSITION_ID,BDATE)
 VALUES(RECRUIT_BOARDSEQ.NEXTVAL, 'CM1','총무 모집 합니다.'
 ,'우리 동아리의 총무를 모집합니다 많이 지원해주세요~', '2',TO_DATE('2016-03-01','YYYY-MM-DD'));
-- 1 행 이(가) 삽입되었습니다. * 2

--○ 모집 신청자(VOLUNTEER) 데이터 생성
INSERT INTO VOLUNTEER(VOLUNTEER_ID,B_ID,CLUBMEM_ID,BDATE)
VALUES (VOLUNTEERSEQ.NEXTVAL,'1','CM8',TO_DATE('2016-03-01','YYYY-MM-DD'));
INSERT INTO VOLUNTEER(VOLUNTEER_ID,B_ID,CLUBMEM_ID,BDATE)
VALUES (VOLUNTEERSEQ.NEXTVAL,'1','CM9',TO_DATE('2016-03-02','YYYY-MM-DD'));
INSERT INTO VOLUNTEER(VOLUNTEER_ID,B_ID,CLUBMEM_ID,BDATE)
VALUES (VOLUNTEERSEQ.NEXTVAL,'1','CM10',TO_DATE('2016-03-03','YYYY-MM-DD'));
INSERT INTO VOLUNTEER(VOLUNTEER_ID,B_ID,CLUBMEM_ID,BDATE)
VALUES (VOLUNTEERSEQ.NEXTVAL,'1','CM11',TO_DATE('2016-03-04','YYYY-MM-DD'));
INSERT INTO VOLUNTEER(VOLUNTEER_ID,B_ID,CLUBMEM_ID,BDATE)
VALUES (VOLUNTEERSEQ.NEXTVAL,'2','CM12',TO_DATE('2016-03-01','YYYY-MM-DD'));
INSERT INTO VOLUNTEER(VOLUNTEER_ID,B_ID,CLUBMEM_ID,BDATE)
VALUES (VOLUNTEERSEQ.NEXTVAL,'2','CM13',TO_DATE('2016-03-02','YYYY-MM-DD'));
INSERT INTO VOLUNTEER(VOLUNTEER_ID,B_ID,CLUBMEM_ID,BDATE)
VALUES (VOLUNTEERSEQ.NEXTVAL,'2','CM14',TO_DATE('2016-03-03','YYYY-MM-DD'));
-- 1 행 이(가) 삽입되었습니다. * 7

--○ 운영진 투표발의(MOTION_VOTE) 데이터  -- 3일간 진행 
INSERT INTO MOTION_VOTE(MOTION_ID,B_ID,BDATE)
VALUES (MOTION_VOTESEQ.NEXTVAL,'1',TO_DATE('2016-03-09','YYYY-MM-DD'));
INSERT INTO MOTION_VOTE(MOTION_ID,B_ID,BDATE)
VALUES (MOTION_VOTESEQ.NEXTVAL,'2',TO_DATE('2016-03-09','YYYY-MM-DD'));
--1 행 이(가) 삽입되었습니다.

--○ 윤영진 투표(EXE_VOTE) 데이터 
--투표날짜, 신청자 ID, 투표자ID 투표발의ID 
INSERT INTO EXE_VOTE(EXE_VOTE_ID,BDATE,VOLUNTEER_ID,CLUBMEM_ID,MOTION_ID)
VALUES(EXE_VOTESEQ.NEXTVAL,TO_DATE('2016-03-09','YYYY-MM-DD'),'1','CM1','1');
INSERT INTO EXE_VOTE(EXE_VOTE_ID,BDATE,VOLUNTEER_ID,CLUBMEM_ID,MOTION_ID)
VALUES(EXE_VOTESEQ.NEXTVAL,TO_DATE('2016-03-09','YYYY-MM-DD'),'2','CM6','1');
INSERT INTO EXE_VOTE(EXE_VOTE_ID,BDATE,VOLUNTEER_ID,CLUBMEM_ID,MOTION_ID)
VALUES(EXE_VOTESEQ.NEXTVAL,TO_DATE('2016-03-09','YYYY-MM-DD'),'3','CM7','1');
INSERT INTO EXE_VOTE(EXE_VOTE_ID,BDATE,VOLUNTEER_ID,CLUBMEM_ID,MOTION_ID)
VALUES(EXE_VOTESEQ.NEXTVAL,TO_DATE('2016-03-09','YYYY-MM-DD'),'5','CM1','2');
INSERT INTO EXE_VOTE(EXE_VOTE_ID,BDATE,VOLUNTEER_ID,CLUBMEM_ID,MOTION_ID)
VALUES(EXE_VOTESEQ.NEXTVAL,TO_DATE('2016-03-09','YYYY-MM-DD'),'6','CM6','2');
INSERT INTO EXE_VOTE(EXE_VOTE_ID,BDATE,VOLUNTEER_ID,CLUBMEM_ID,MOTION_ID)
VALUES(EXE_VOTESEQ.NEXTVAL,TO_DATE('2016-03-09','YYYY-MM-DD'),'7','CM7','2');
-- 1 행 이(가) 삽입되었습니다. * 6 

--○ 투표 게시판(VOTE_BOARDSEQ) 데이터 생성 
INSERT INTO VOTE_BOARD(B_ID,VOTE_ID,WRITER,CLUBMEM_ID,CNT,BDATE,TITLE,CONTENT)
VALUES (VOTE_BOARDSEQ.NEXTVAL,'1','CM1','CM6',10,TO_DATE('2016-03-10','YYYY-MM-DD'),'현재 총무 ○○○ 강등 투표','○○○ 회원의 직위 강등 투표입니다.');
INSERT INTO VOTE_BOARD(B_ID,VOTE_ID,WRITER,CLUBMEM_ID,CNT,BDATE,TITLE,CONTENT)
VALUES (VOTE_BOARDSEQ.NEXTVAL,'1','CM1','CM7',10,TO_DATE('2016-03-10','YYYY-MM-DD'),'현재 스태프 ○○○ 강등 투표','○○○ 회원의 직위 강등 투표입니다.');
INSERT INTO VOTE_BOARD(B_ID,VOTE_ID,WRITER,CLUBMEM_ID,CNT,BDATE,TITLE,CONTENT)
VALUES (VOTE_BOARDSEQ.NEXTVAL,'1','CM1','CM8',10,TO_DATE('2016-04-10','YYYY-MM-DD'),'회원 ○○○ 강퇴 투표','○○○ 회원의 강퇴 투표입니다.');
--1 행 이(가) 삽입되었습니다.

--○ 투표자(VOTER) 데이터 생성
INSERT INTO VOTER(VOTER_ID,B_ID,CLUBMEM_ID,BDATE,PAC_ID)
VALUES (VOTERSEQ.NEXTVAL, '1','CM1',TO_DATE('2016-03-10','YYYY-MM-DD'),'P');
INSERT INTO VOTER(VOTER_ID,B_ID,CLUBMEM_ID,BDATE,PAC_ID)
VALUES (VOTERSEQ.NEXTVAL, '1','CM7',TO_DATE('2016-03-10','YYYY-MM-DD'),'P');
INSERT INTO VOTER(VOTER_ID,B_ID,CLUBMEM_ID,BDATE,PAC_ID)
VALUES (VOTERSEQ.NEXTVAL, '1','CM8',TO_DATE('2016-03-10','YYYY-MM-DD'),'C');
INSERT INTO VOTER(VOTER_ID,B_ID,CLUBMEM_ID,BDATE,PAC_ID)
VALUES (VOTERSEQ.NEXTVAL, '1','CM9',TO_DATE('2016-03-11','YYYY-MM-DD'),'C');
INSERT INTO VOTER(VOTER_ID,B_ID,CLUBMEM_ID,BDATE,PAC_ID)
VALUES (VOTERSEQ.NEXTVAL, '1','CM10',TO_DATE('2016-03-11','YYYY-MM-DD'),'C');
INSERT INTO VOTER(VOTER_ID,B_ID,CLUBMEM_ID,BDATE,PAC_ID)
VALUES (VOTERSEQ.NEXTVAL, '1','CM11',TO_DATE('2016-03-11','YYYY-MM-DD'),'C');
INSERT INTO VOTER(VOTER_ID,B_ID,CLUBMEM_ID,BDATE,PAC_ID)
VALUES (VOTERSEQ.NEXTVAL, '1','CM12',TO_DATE('2016-03-12','YYYY-MM-DD'),'C');
INSERT INTO VOTER(VOTER_ID,B_ID,CLUBMEM_ID,BDATE,PAC_ID)
VALUES (VOTERSEQ.NEXTVAL, '1','CM13',TO_DATE('2016-03-12','YYYY-MM-DD'),'C');
INSERT INTO VOTER(VOTER_ID,B_ID,CLUBMEM_ID,BDATE,PAC_ID)
VALUES (VOTERSEQ.NEXTVAL, '1','CM14',TO_DATE('2016-03-14','YYYY-MM-DD'),'C');
INSERT INTO VOTER(VOTER_ID,B_ID,CLUBMEM_ID,BDATE,PAC_ID)
VALUES (VOTERSEQ.NEXTVAL, '2','CM1',TO_DATE('2016-03-10','YYYY-MM-DD'),'P');
INSERT INTO VOTER(VOTER_ID,B_ID,CLUBMEM_ID,BDATE,PAC_ID)
VALUES (VOTERSEQ.NEXTVAL, '2','CM6',TO_DATE('2016-03-10','YYYY-MM-DD'),'P');
INSERT INTO VOTER(VOTER_ID,B_ID,CLUBMEM_ID,BDATE,PAC_ID)
VALUES (VOTERSEQ.NEXTVAL, '2','CM8',TO_DATE('2016-03-10','YYYY-MM-DD'),'C');
INSERT INTO VOTER(VOTER_ID,B_ID,CLUBMEM_ID,BDATE,PAC_ID)
VALUES (VOTERSEQ.NEXTVAL, '2','CM9',TO_DATE('2016-03-11','YYYY-MM-DD'),'C');
INSERT INTO VOTER(VOTER_ID,B_ID,CLUBMEM_ID,BDATE,PAC_ID)
VALUES (VOTERSEQ.NEXTVAL, '2','CM10',TO_DATE('2016-03-11','YYYY-MM-DD'),'C');
INSERT INTO VOTER(VOTER_ID,B_ID,CLUBMEM_ID,BDATE,PAC_ID)
VALUES (VOTERSEQ.NEXTVAL, '2','CM11',TO_DATE('2016-03-11','YYYY-MM-DD'),'C');
INSERT INTO VOTER(VOTER_ID,B_ID,CLUBMEM_ID,BDATE,PAC_ID)
VALUES (VOTERSEQ.NEXTVAL, '2','CM12',TO_DATE('2016-03-12','YYYY-MM-DD'),'C');
INSERT INTO VOTER(VOTER_ID,B_ID,CLUBMEM_ID,BDATE,PAC_ID)
VALUES (VOTERSEQ.NEXTVAL, '2','CM13',TO_DATE('2016-03-12','YYYY-MM-DD'),'C');
INSERT INTO VOTER(VOTER_ID,B_ID,CLUBMEM_ID,BDATE,PAC_ID)
VALUES (VOTERSEQ.NEXTVAL, '2','CM14',TO_DATE('2016-03-14','YYYY-MM-DD'),'C');
INSERT INTO VOTER(VOTER_ID,B_ID,CLUBMEM_ID,BDATE,PAC_ID)
VALUES (VOTERSEQ.NEXTVAL, '3','CM1',TO_DATE('2016-04-10','YYYY-MM-DD'),'P');
INSERT INTO VOTER(VOTER_ID,B_ID,CLUBMEM_ID,BDATE,PAC_ID)
VALUES (VOTERSEQ.NEXTVAL, '3','CM6',TO_DATE('2016-04-10','YYYY-MM-DD'),'P');
INSERT INTO VOTER(VOTER_ID,B_ID,CLUBMEM_ID,BDATE,PAC_ID)
VALUES (VOTERSEQ.NEXTVAL, '3','CM7',TO_DATE('2016-04-10','YYYY-MM-DD'),'P');
INSERT INTO VOTER(VOTER_ID,B_ID,CLUBMEM_ID,BDATE,PAC_ID)
VALUES (VOTERSEQ.NEXTVAL, '3','CM9',TO_DATE('2016-04-11','YYYY-MM-DD'),'C');
INSERT INTO VOTER(VOTER_ID,B_ID,CLUBMEM_ID,BDATE,PAC_ID)
VALUES (VOTERSEQ.NEXTVAL, '3','CM10',TO_DATE('2016-04-11','YYYY-MM-DD'),'C');
INSERT INTO VOTER(VOTER_ID,B_ID,CLUBMEM_ID,BDATE,PAC_ID)
VALUES (VOTERSEQ.NEXTVAL, '3','CM11',TO_DATE('2016-04-11','YYYY-MM-DD'),'C');
INSERT INTO VOTER(VOTER_ID,B_ID,CLUBMEM_ID,BDATE,PAC_ID)
VALUES (VOTERSEQ.NEXTVAL, '3','CM12',TO_DATE('2016-04-12','YYYY-MM-DD'),'C');
INSERT INTO VOTER(VOTER_ID,B_ID,CLUBMEM_ID,BDATE,PAC_ID)
VALUES (VOTERSEQ.NEXTVAL, '3','CM13',TO_DATE('2016-04-12','YYYY-MM-DD'),'C');
INSERT INTO VOTER(VOTER_ID,B_ID,CLUBMEM_ID,BDATE,PAC_ID)
VALUES (VOTERSEQ.NEXTVAL, '3','CM14',TO_DATE('2016-04-14','YYYY-MM-DD'),'C');
--1 행 이(가) 삽입되었습니다.

--------------------------------------------------------------------------------
-- 회계 데이터

--○ 수입분류 INCOME_TYPE
INSERT INTO INCOME_TYPE(TYPE_ID, TYPE) VALUES ('1', '동아리회비');
INSERT INTO INCOME_TYPE(TYPE_ID, TYPE) VALUES ('2', '참가비');
INSERT INTO INCOME_TYPE(TYPE_ID, TYPE) VALUES ('3', '개인지출');

--○ 지출분류 EXPENSE_TYPE
INSERT INTO EXPENSE_TYPE(TYPE_ID, TYPE) VALUES ('1', '동아리회비');
INSERT INTO EXPENSE_TYPE(TYPE_ID, TYPE) VALUES ('2', '참가비');
INSERT INTO EXPENSE_TYPE(TYPE_ID, TYPE) VALUES ('3', '정산');

--○ 지출세부내역 EXPENSE_TYPE_D
INSERT INTO EXPENSE_TYPE_D(TYPE_D_ID,TYPE_ID, TYPE) VALUES ('1','1', '교통비');
INSERT INTO EXPENSE_TYPE_D(TYPE_D_ID,TYPE_ID, TYPE) VALUES ('2','1', '식비');
INSERT INTO EXPENSE_TYPE_D(TYPE_D_ID,TYPE_ID, TYPE) VALUES ('3','1', '경조사비');
INSERT INTO EXPENSE_TYPE_D(TYPE_D_ID,TYPE_ID, TYPE) VALUES ('4','1', '물품구매비');
INSERT INTO EXPENSE_TYPE_D(TYPE_D_ID,TYPE_ID, TYPE) VALUES ('5','1', '기타');
INSERT INTO EXPENSE_TYPE_D(TYPE_D_ID,TYPE_ID, TYPE) VALUES ('6','2', '활동비');
INSERT INTO EXPENSE_TYPE_D(TYPE_D_ID,TYPE_ID, TYPE) VALUES ('7','2', '교통비');
INSERT INTO EXPENSE_TYPE_D(TYPE_D_ID,TYPE_ID, TYPE) VALUES ('8','2', '식비');
INSERT INTO EXPENSE_TYPE_D(TYPE_D_ID,TYPE_ID, TYPE) VALUES ('9','2', '기타');

--○ 계좌등록 ACCOUNT
INSERT INTO ACCOUNT(ACCOUNT_ID, NAME, NUM,CLUBMEM_ID,INIT) VALUES (ACCOUNTSEQ.NEXTVAL, '신한종합통장','110-530-731587', 'CM2',0);
/*
1	신한종합통장	110-530-731587	CM2	0
*/
--○ 카드등록 CARD
INSERT INTO CARD(CARD_ID, ACCOUNT_ID, NAME) VALUES (CARDSEQ.NEXTVAL, '1','신한체크');
INSERT INTO CARD(CARD_ID, ACCOUNT_ID, NAME) VALUES (CARDSEQ.NEXTVAL, '1','노리체크');


--○ INCOME 수입 데이터 입력 
-- 동아리회비만 넣음 
INSERT INTO INCOME(INCOME_ID,PRICE,INCOME_DATE,PAYER,TYPE_ID,BDATE,CLUBMEM_ID,ACCOUNT_ID,CONTENT)
VALUES(INCOMESEQ.NEXTVAL, 30000, TO_DATE('2016-01-01','YYYY-MM-DD'),'CM1','1',TO_DATE('2016-01-05','YYYY-MM-DD'),'CM6','1',NULL);
INSERT INTO INCOME(INCOME_ID,PRICE,INCOME_DATE,PAYER,TYPE_ID,BDATE,CLUBMEM_ID,ACCOUNT_ID,CONTENT)
VALUES(INCOMESEQ.NEXTVAL, 30000, TO_DATE('2016-01-01','YYYY-MM-DD'),'CM6','1',TO_DATE('2016-01-05','YYYY-MM-DD'),'CM6','1',NULL);
INSERT INTO INCOME(INCOME_ID,PRICE,INCOME_DATE,PAYER,TYPE_ID,BDATE,CLUBMEM_ID,ACCOUNT_ID,CONTENT)
VALUES(INCOMESEQ.NEXTVAL, 30000, TO_DATE('2016-01-01','YYYY-MM-DD'),'CM7','1',TO_DATE('2016-01-05','YYYY-MM-DD'),'CM6','1',NULL);
INSERT INTO INCOME(INCOME_ID,PRICE,INCOME_DATE,PAYER,TYPE_ID,BDATE,CLUBMEM_ID,ACCOUNT_ID,CONTENT)
VALUES(INCOMESEQ.NEXTVAL, 30000, TO_DATE('2016-01-01','YYYY-MM-DD'),'CM8','1',TO_DATE('2016-01-05','YYYY-MM-DD'),'CM6','1',NULL);
INSERT INTO INCOME(INCOME_ID,PRICE,INCOME_DATE,PAYER,TYPE_ID,BDATE,CLUBMEM_ID,ACCOUNT_ID,CONTENT)
VALUES(INCOMESEQ.NEXTVAL, 30000, TO_DATE('2016-01-01','YYYY-MM-DD'),'CM9','1',TO_DATE('2016-01-05','YYYY-MM-DD'),'CM6','1',NULL);
INSERT INTO INCOME(INCOME_ID,PRICE,INCOME_DATE,PAYER,TYPE_ID,BDATE,CLUBMEM_ID,ACCOUNT_ID,CONTENT)
VALUES(INCOMESEQ.NEXTVAL, 30000, TO_DATE('2016-01-01','YYYY-MM-DD'),'CM10','1',TO_DATE('2016-01-05','YYYY-MM-DD'),'CM6','1',NULL);
INSERT INTO INCOME(INCOME_ID,PRICE,INCOME_DATE,PAYER,TYPE_ID,BDATE,CLUBMEM_ID,ACCOUNT_ID,CONTENT)
VALUES(INCOMESEQ.NEXTVAL, 30000, TO_DATE('2016-01-01','YYYY-MM-DD'),'CM11','1',TO_DATE('2016-01-05','YYYY-MM-DD'),'CM6','1',NULL);
INSERT INTO INCOME(INCOME_ID,PRICE,INCOME_DATE,PAYER,TYPE_ID,BDATE,CLUBMEM_ID,ACCOUNT_ID,CONTENT)
VALUES(INCOMESEQ.NEXTVAL, 30000, TO_DATE('2016-01-01','YYYY-MM-DD'),'CM12','1',TO_DATE('2016-01-05','YYYY-MM-DD'),'CM6','1',NULL);
INSERT INTO INCOME(INCOME_ID,PRICE,INCOME_DATE,PAYER,TYPE_ID,BDATE,CLUBMEM_ID,ACCOUNT_ID,CONTENT)
VALUES(INCOMESEQ.NEXTVAL, 30000, TO_DATE('2016-01-01','YYYY-MM-DD'),'CM13','1',TO_DATE('2016-01-05','YYYY-MM-DD'),'CM6','1',NULL);
INSERT INTO INCOME(INCOME_ID,PRICE,INCOME_DATE,PAYER,TYPE_ID,BDATE,CLUBMEM_ID,ACCOUNT_ID,CONTENT)
VALUES(INCOMESEQ.NEXTVAL, 30000, TO_DATE('2016-01-01','YYYY-MM-DD'),'CM14','1',TO_DATE('2016-01-05','YYYY-MM-DD'),'CM6','1',NULL);
INSERT INTO INCOME(INCOME_ID,PRICE,INCOME_DATE,PAYER,TYPE_ID,BDATE,CLUBMEM_ID,ACCOUNT_ID,CONTENT)
VALUES(INCOMESEQ.NEXTVAL, 30000, TO_DATE('2016-02-01','YYYY-MM-DD'),'CM1','1',TO_DATE('2016-02-05','YYYY-MM-DD'),'CM6','1',NULL);
INSERT INTO INCOME(INCOME_ID,PRICE,INCOME_DATE,PAYER,TYPE_ID,BDATE,CLUBMEM_ID,ACCOUNT_ID,CONTENT)
VALUES(INCOMESEQ.NEXTVAL, 30000, TO_DATE('2016-02-01','YYYY-MM-DD'),'CM6','1',TO_DATE('2016-02-05','YYYY-MM-DD'),'CM6','1',NULL);
INSERT INTO INCOME(INCOME_ID,PRICE,INCOME_DATE,PAYER,TYPE_ID,BDATE,CLUBMEM_ID,ACCOUNT_ID,CONTENT)
VALUES(INCOMESEQ.NEXTVAL, 30000, TO_DATE('2016-02-01','YYYY-MM-DD'),'CM7','1',TO_DATE('2016-02-05','YYYY-MM-DD'),'CM6','1',NULL);
INSERT INTO INCOME(INCOME_ID,PRICE,INCOME_DATE,PAYER,TYPE_ID,BDATE,CLUBMEM_ID,ACCOUNT_ID,CONTENT)
VALUES(INCOMESEQ.NEXTVAL, 30000, TO_DATE('2016-02-01','YYYY-MM-DD'),'CM8','1',TO_DATE('2016-02-05','YYYY-MM-DD'),'CM6','1',NULL);
INSERT INTO INCOME(INCOME_ID,PRICE,INCOME_DATE,PAYER,TYPE_ID,BDATE,CLUBMEM_ID,ACCOUNT_ID,CONTENT)
VALUES(INCOMESEQ.NEXTVAL, 30000, TO_DATE('2016-02-01','YYYY-MM-DD'),'CM9','1',TO_DATE('2016-02-05','YYYY-MM-DD'),'CM6','1',NULL);
INSERT INTO INCOME(INCOME_ID,PRICE,INCOME_DATE,PAYER,TYPE_ID,BDATE,CLUBMEM_ID,ACCOUNT_ID,CONTENT)
VALUES(INCOMESEQ.NEXTVAL, 30000, TO_DATE('2016-02-01','YYYY-MM-DD'),'CM10','1',TO_DATE('2016-02-05','YYYY-MM-DD'),'CM6','1',NULL);
INSERT INTO INCOME(INCOME_ID,PRICE,INCOME_DATE,PAYER,TYPE_ID,BDATE,CLUBMEM_ID,ACCOUNT_ID,CONTENT)
VALUES(INCOMESEQ.NEXTVAL, 30000, TO_DATE('2016-02-01','YYYY-MM-DD'),'CM11','1',TO_DATE('2016-02-05','YYYY-MM-DD'),'CM6','1',NULL);
INSERT INTO INCOME(INCOME_ID,PRICE,INCOME_DATE,PAYER,TYPE_ID,BDATE,CLUBMEM_ID,ACCOUNT_ID,CONTENT)
VALUES(INCOMESEQ.NEXTVAL, 30000, TO_DATE('2016-02-01','YYYY-MM-DD'),'CM12','1',TO_DATE('2016-02-05','YYYY-MM-DD'),'CM6','1',NULL);
-- 1 행 이(가) 삽입되었습니다. 


--○ FEE 회비 납부 데이터 입력 
INSERT INTO FEE(FEE_ID, INCOME_ID, YEAR, MONTH) VALUES(FEESEQ.NEXTVAL,'1',2016,1);
INSERT INTO FEE(FEE_ID, INCOME_ID, YEAR, MONTH) VALUES(FEESEQ.NEXTVAL,'2',2016,1);
INSERT INTO FEE(FEE_ID, INCOME_ID, YEAR, MONTH) VALUES(FEESEQ.NEXTVAL,'3',2016,1);
INSERT INTO FEE(FEE_ID, INCOME_ID, YEAR, MONTH) VALUES(FEESEQ.NEXTVAL,'4',2016,1);
INSERT INTO FEE(FEE_ID, INCOME_ID, YEAR, MONTH) VALUES(FEESEQ.NEXTVAL,'5',2016,1);
INSERT INTO FEE(FEE_ID, INCOME_ID, YEAR, MONTH) VALUES(FEESEQ.NEXTVAL,'6',2016,1);
INSERT INTO FEE(FEE_ID, INCOME_ID, YEAR, MONTH) VALUES(FEESEQ.NEXTVAL,'7',2016,1);
INSERT INTO FEE(FEE_ID, INCOME_ID, YEAR, MONTH) VALUES(FEESEQ.NEXTVAL,'8',2016,1);
INSERT INTO FEE(FEE_ID, INCOME_ID, YEAR, MONTH) VALUES(FEESEQ.NEXTVAL,'9',2016,1);
INSERT INTO FEE(FEE_ID, INCOME_ID, YEAR, MONTH) VALUES(FEESEQ.NEXTVAL,'10',2016,1);
INSERT INTO FEE(FEE_ID, INCOME_ID, YEAR, MONTH) VALUES(FEESEQ.NEXTVAL,'11',2016,2);
INSERT INTO FEE(FEE_ID, INCOME_ID, YEAR, MONTH) VALUES(FEESEQ.NEXTVAL,'12',2016,2);
INSERT INTO FEE(FEE_ID, INCOME_ID, YEAR, MONTH) VALUES(FEESEQ.NEXTVAL,'13',2016,2);
INSERT INTO FEE(FEE_ID, INCOME_ID, YEAR, MONTH) VALUES(FEESEQ.NEXTVAL,'14',2016,2);
INSERT INTO FEE(FEE_ID, INCOME_ID, YEAR, MONTH) VALUES(FEESEQ.NEXTVAL,'15',2016,2);
INSERT INTO FEE(FEE_ID, INCOME_ID, YEAR, MONTH) VALUES(FEESEQ.NEXTVAL,'16',2016,2);
INSERT INTO FEE(FEE_ID, INCOME_ID, YEAR, MONTH) VALUES(FEESEQ.NEXTVAL,'17',2016,2);
INSERT INTO FEE(FEE_ID, INCOME_ID, YEAR, MONTH) VALUES(FEESEQ.NEXTVAL,'18',2016,2);
--1 행 이(가) 삽입되었습니다.

--○ 회계부 지출(EXPENSE) 데이터 입력 
INSERT INTO EXPENSE(EXPENSE_ID,PRICE,EXPENSE_DATE,TYPE_D_ID,CONTENT,BDATE,CLUBMEM_ID)
VALUES (EXPENSESEQ.NEXTVAL, 100000, TO_DATE('2016-01-04','YYYY-MM-DD'),'2',NULL,TO_DATE('2016-01-05','YYYY-MM-DD'),'CM6');
INSERT INTO EXPENSE(EXPENSE_ID,PRICE,EXPENSE_DATE,TYPE_D_ID,CONTENT,BDATE,CLUBMEM_ID)
VALUES (EXPENSESEQ.NEXTVAL, 10000, TO_DATE('2016-01-04','YYYY-MM-DD'),'1',NULL,TO_DATE('2016-01-05','YYYY-MM-DD'),'CM6');
INSERT INTO EXPENSE(EXPENSE_ID,PRICE,EXPENSE_DATE,TYPE_D_ID,CONTENT,BDATE,CLUBMEM_ID)
VALUES (EXPENSESEQ.NEXTVAL, 50000, TO_DATE('2016-01-04','YYYY-MM-DD'),'4',NULL,TO_DATE('2016-01-05','YYYY-MM-DD'),'CM6');
INSERT INTO EXPENSE(EXPENSE_ID,PRICE,EXPENSE_DATE,TYPE_D_ID,CONTENT,BDATE,CLUBMEM_ID)
VALUES (EXPENSESEQ.NEXTVAL, 80000, TO_DATE('2016-02-04','YYYY-MM-DD'),'2',NULL,TO_DATE('2016-02-05','YYYY-MM-DD'),'CM6');
INSERT INTO EXPENSE(EXPENSE_ID,PRICE,EXPENSE_DATE,TYPE_D_ID,CONTENT,BDATE,CLUBMEM_ID)
VALUES (EXPENSESEQ.NEXTVAL, 10000, TO_DATE('2016-02-04','YYYY-MM-DD'),'1',NULL,TO_DATE('2016-02-05','YYYY-MM-DD'),'CM6');
-- 1 행 이(가) 삽입되었습니다.

--○ 계좌이체 지출 EXPENSE_ACCOUNT 데이터
INSERT INTO EXPENSE_ACCOUNT(EX_ACCOUNT_ID, ACCOUNT_ID,EXPENSE_ID) VALUES(EXPENSE_ACCOUNTSEQ.NEXTVAL,'1','3');
--1 행 이(가) 삽입되었습니다.

--○ 카드 지출 EXPENSE_CARD 데이터
INSERT INTO EXPENSE_CARD(EX_CARD_ID, CARD_ID,EXPENSE_ID) VALUES(EXPENSE_CARDSEQ.NEXTVAL,'1','1');
INSERT INTO EXPENSE_CARD(EX_CARD_ID, CARD_ID,EXPENSE_ID) VALUES(EXPENSE_CARDSEQ.NEXTVAL,'1','2');
INSERT INTO EXPENSE_CARD(EX_CARD_ID, CARD_ID,EXPENSE_ID) VALUES(EXPENSE_CARDSEQ.NEXTVAL,'2','4');
INSERT INTO EXPENSE_CARD(EX_CARD_ID, CARD_ID,EXPENSE_ID) VALUES(EXPENSE_CARDSEQ.NEXTVAL,'2','5');
--1 행 이(가) 삽입되었습니다. *4 
